timestamp,pulgar_ax,pulgar_ay,pulgar_az,pulgar_gx,pulgar_gy,pulgar_gz,indice_ax,indice_ay,indice_az,indice_gx,indice_gy,indice_gz,medio_ax,medio_ay,medio_az,medio_gx,medio_gy,medio_gz,anular_ax,anular_ay,anular_az,anular_gx,anular_gy,anular_gz,menique_ax,menique_ay,menique_az,menique_gx,menique_gy,menique_gz,gesto
1780776894.646558,-0.829,-0.203,0.537,-1.641,2.939,-0.344,-0.649,-0.349,0.626,-7.244,1.015,0.061,-0.587,-0.408,0.671,0.0,0.0,0.0,-0.585,-0.515,0.635,0.45,-1.168,-2.855,0.215,-0.427,0.757,0.183,2.771,-0.046,borrar
1780776895.4726958,-0.833,-0.215,0.547,-0.489,-0.595,-2.214,-0.639,-0.345,0.635,-6.267,-0.542,-1.198,-0.608,-0.418,0.664,0.0,0.0,0.0,-0.575,-0.513,0.648,-3.656,0.519,-3.908,0.215,-0.422,0.764,-0.786,1.374,0.198,borrar
1780776896.185858,-0.852,-0.234,0.476,-1.565,2.893,-0.176,-0.714,-0.405,0.495,-6.565,0.359,-0.634,-0.606,-0.596,0.507,0.0,0.0,0.0,0.049,-0.918,-0.426,23.641,-20.145,-2.214,0.256,-0.439,0.744,-12.786,9.511,-14.893,borrar
1780776897.004289,-0.811,-0.227,0.545,-1.817,3.656,-0.832,-0.627,-0.532,0.565,-4.55,0.351,0.931,-0.703,-0.411,0.69,0.0,0.0,0.0,-0.58,-0.513,0.653,-2.191,3.779,-2.397,0.238,-0.427,0.748,-0.641,1.947,-0.389,borrar
1780776900.9755847,-0.82,-0.221,0.547,-0.26,1.214,-0.595,-0.653,-0.35,0.613,-6.962,0.183,-0.42,-0.609,-0.432,0.669,0.0,0.0,0.0,-0.569,-0.523,0.649,-0.756,3.122,-1.763,0.241,-0.431,0.744,-0.603,2.168,-0.168,borrar
1780776901.787168,-0.832,-0.222,0.548,0.443,7.618,-0.496,-0.661,-0.382,0.592,-21.229,24.489,-3.443,-0.614,-0.513,0.564,0.0,0.0,0.0,0.0,-0.862,-0.514,-73.71,16.031,-57.038,0.306,-0.456,0.703,14.87,-4.84,17.679,borrar
1780776902.5639884,-0.853,-0.205,0.492,1.374,-11.74,-3.939,-0.708,-0.417,0.502,1.137,-14.969,-1.42,-0.628,-0.542,0.517,0.0,0.0,0.0,-0.435,-0.818,0.298,157.695,-15.374,82.916,0.275,-0.435,0.746,5.351,2.832,8.466,borrar
1780776903.361207,-0.8,-0.206,0.587,-0.695,3.672,-0.16,-0.632,-0.317,0.655,-7.427,1.282,-0.588,-0.597,-0.373,0.704,0.0,0.0,0.0,-0.593,-0.423,0.699,-1.031,2.695,-2.069,0.23,-0.396,0.776,-0.565,3.038,-0.206,borrar
1780776906.5580506,-0.807,-0.21,0.577,-1.092,1.015,-1.397,-0.639,-0.32,0.641,-6.962,0.336,-0.664,-0.608,-0.375,0.689,0.0,0.0,0.0,-0.585,-0.447,0.693,-1.015,2.908,-2.038,0.229,-0.405,0.762,-0.779,1.947,-0.092,borrar
1780776907.3565724,-0.807,-0.202,0.582,-1.313,0.954,-1.45,-0.637,-0.323,0.641,-6.962,0.389,-0.565,-0.603,-0.378,0.695,0.0,0.0,0.0,-0.587,-0.448,0.691,-0.908,2.771,-1.908,0.229,-0.404,0.77,-0.626,2.137,-0.145,borrar
1780776908.3672817,-0.803,-0.22,0.594,0.573,5.664,-0.336,-0.684,-0.3,0.638,-13.466,30.702,-0.557,-0.706,-0.4,0.588,0.0,0.0,0.0,-0.411,-1.125,-0.007,-100.504,29.58,-68.565,0.274,-0.413,0.793,-12.267,-11.198,-3.634,borrar
1780776908.985323,-0.828,-0.194,0.55,-1.397,-3.443,-2.641,-0.796,-0.236,0.521,-0.153,-9.672,1.061,-0.636,-0.51,0.599,0.0,0.0,0.0,-0.502,-0.78,0.426,71.29,4.824,41.435,0.331,-0.414,0.727,-1.901,3.756,0.389,borrar
1780776913.078759,-0.808,-0.208,0.576,-0.611,1.26,-0.87,-0.644,-0.335,0.635,-6.794,0.053,-0.733,-0.598,-0.417,0.687,0.0,0.0,0.0,-0.592,-0.484,0.655,-0.802,2.863,-1.947,0.244,-0.409,0.756,-0.885,1.282,0.031,borrar
1780776913.7961578,-0.809,-0.213,0.571,-0.527,1.229,-0.405,-0.645,-0.339,0.628,-6.794,0.015,-0.481,-0.593,-0.413,0.682,0.0,0.0,0.0,-0.584,-0.487,0.661,-1.176,2.771,-2.122,0.252,-0.414,0.755,-0.45,2.641,-0.092,borrar
1780776914.7183263,-0.813,-0.213,0.571,-1.878,8.344,-0.084,-0.658,-0.347,0.62,-13.557,12.42,-0.504,-0.646,-0.463,0.587,0.0,0.0,0.0,-0.209,-1.052,-0.222,-60.931,24.244,-52.939,0.309,-0.442,0.72,-3.221,-5.107,-0.038,borrar
1780776915.4349813,-0.841,-0.182,0.537,-1.832,-0.794,-1.794,-0.703,-0.356,0.546,-5.023,-6.16,-1.359,-0.63,-0.513,0.568,0.0,0.0,0.0,-0.437,-0.7,0.418,205.893,6.397,98.832,0.285,-0.432,0.734,-5.107,1.466,-5.992,borrar
1780776919.5299509,-0.809,-0.208,0.569,-0.779,1.87,-0.504,-0.653,-0.343,0.614,-6.328,-0.473,-1.313,-0.598,-0.425,0.671,0.0,0.0,0.0,-0.584,-0.491,0.658,-1.206,3.313,-1.977,0.281,-0.445,0.738,-1.115,1.939,-0.038,borrar
1780776920.246863,-0.813,-0.214,0.572,-0.885,2.557,-0.672,-0.655,-0.341,0.621,-6.969,-0.275,-1.168,-0.602,-0.425,0.671,0.0,0.0,0.0,-0.516,-0.482,0.667,-39.496,-10.0,-18.351,0.287,-0.441,0.74,0.282,1.847,-0.618,borrar
1780776920.963744,-0.816,-0.212,0.56,-0.672,5.931,1.595,-0.682,-0.354,0.573,-5.618,0.305,1.305,-0.638,-0.522,0.553,0.0,0.0,0.0,-0.281,-1.045,-0.068,143.885,-39.313,92.427,0.244,-0.421,0.747,2.969,7.214,-4.771,borrar
1780776921.7380548,-0.811,-0.209,0.58,0.244,0.473,-1.435,-0.644,-0.332,0.622,-5.855,-0.046,-1.939,-0.595,-0.454,0.655,0.0,0.0,0.0,-0.55,-0.613,0.587,-0.779,4.13,-0.992,0.295,-0.445,0.735,0.206,4.229,0.298,borrar
1780776924.9579911,-0.788,-0.188,0.615,-1.504,2.069,-1.153,-0.636,-0.297,0.662,-6.565,0.504,-0.145,-0.615,-0.351,0.697,0.0,0.0,0.0,-0.608,-0.438,0.674,-0.794,3.756,-1.481,0.251,-0.424,0.747,-0.55,3.107,0.0,borrar
1780776925.776437,-0.788,-0.192,0.62,-1.145,2.855,-0.702,-0.639,-0.297,0.652,-6.832,0.458,-0.221,-0.621,-0.347,0.7,0.0,0.0,0.0,-0.605,-0.446,0.677,-0.794,3.26,-1.634,0.239,-0.421,0.753,-0.382,2.16,-0.061,borrar
1780776926.5964265,-0.798,-0.2,0.6,-0.847,8.382,0.069,-0.657,-0.299,0.628,-16.725,16.824,-3.481,-0.654,-0.427,0.604,0.0,0.0,0.0,-0.1,-0.845,-0.364,-96.015,35.107,-75.595,0.243,-0.443,0.75,0.542,-4.359,1.824,borrar
1780776927.4185443,-0.833,-0.186,0.551,2.008,-3.191,-0.45,-0.701,-0.356,0.55,-4.038,-3.267,-1.458,-0.666,-0.49,0.528,0.0,0.0,0.0,-0.39,-0.82,0.152,200.053,-18.198,103.947,0.253,-0.439,0.752,-2.107,1.618,-7.725,borrar
1780776931.4104269,-0.803,-0.194,0.599,-0.924,1.817,-1.191,-0.65,-0.326,0.633,-6.466,0.603,-0.511,-0.623,-0.386,0.672,0.0,0.0,0.0,-0.609,-0.46,0.655,-0.969,3.191,-1.954,0.269,-0.448,0.738,-0.664,2.046,-0.122,borrar
1780776932.2286062,-0.8,-0.192,0.599,-0.397,1.832,-0.802,-0.647,-0.32,0.637,-6.664,-0.015,-0.756,-0.623,-0.397,0.675,0.0,0.0,0.0,-0.622,-0.463,0.68,-19.84,-9.519,-8.221,0.269,-0.452,0.731,0.504,2.969,1.084,borrar
1780776932.9445899,-0.825,-0.214,0.551,-4.954,8.412,-5.046,-0.698,-0.378,0.543,-21.29,-0.305,-6.885,-0.593,-0.551,0.548,0.0,0.0,0.0,-0.016,-0.927,-0.453,21.58,-14.656,-2.038,0.263,-0.498,0.736,5.344,4.679,10.74,borrar
1780776933.7637947,-0.801,-0.208,0.571,-0.496,-5.466,-1.718,-0.664,-0.361,0.569,5.786,-16.924,-1.252,-0.639,-0.436,0.612,0.0,0.0,0.0,-0.691,-0.518,0.61,100.198,3.924,48.389,0.251,-0.434,0.724,4.038,5.351,-2.053,borrar
1780776937.720445,-0.788,-0.191,0.616,-0.641,1.824,-0.153,-0.631,-0.305,0.651,-6.595,0.336,-0.26,-0.621,-0.358,0.702,0.0,0.0,0.0,-0.611,-0.433,0.679,-0.87,1.153,-3.031,0.25,-0.43,0.743,-1.374,0.397,-0.26,borrar
1780776938.6096122,-0.785,-0.196,0.616,-0.626,1.282,-0.618,-0.635,-0.307,0.647,-6.435,0.221,-0.359,-0.622,-0.354,0.705,0.0,0.0,0.0,-0.59,-0.632,0.623,-141.389,7.366,-69.473,0.24,-0.379,0.754,0.053,4.153,5.603,borrar
1780776939.3186975,-0.829,-0.189,0.552,-0.389,3.176,2.481,-0.722,-0.4,0.481,-5.824,-0.053,2.687,-0.659,-0.518,0.521,0.0,0.0,0.0,-0.009,-0.917,-0.394,6.473,-1.565,2.0,0.21,-0.427,0.702,0.221,11.473,-1.863,borrar
1780776940.1897132,-0.828,-0.196,0.565,-6.015,-6.916,-7.061,-0.669,-0.329,0.611,-2.275,-16.282,0.489,-0.63,-0.418,0.665,0.0,0.0,0.0,-0.614,-0.423,0.65,-2.748,-1.748,-2.71,0.235,-0.431,0.775,5.26,6.885,0.328,borrar
1780776943.331268,-0.804,-0.209,0.596,-0.405,1.84,-0.435,-0.651,-0.329,0.628,-6.817,0.695,-0.328,-0.621,-0.392,0.679,0.0,0.0,0.0,-0.609,-0.458,0.658,-1.55,-0.466,-3.84,0.242,-0.425,0.751,-2.382,-0.924,-0.427,borrar
1780776944.2091348,-0.806,-0.202,0.586,-0.511,1.527,-0.221,-0.655,-0.325,0.627,-6.779,0.046,-0.504,-0.613,-0.39,0.677,0.0,0.0,0.0,-0.614,-0.455,0.66,-1.26,0.718,-3.229,0.238,-0.427,0.752,-1.595,0.405,-0.237,borrar
1780776944.928376,-0.806,-0.196,0.582,-0.481,7.504,-2.847,-0.669,-0.332,0.618,-7.664,10.26,-2.298,-0.646,-0.405,0.602,0.0,0.0,0.0,-0.512,-1.207,0.123,-108.687,33.664,-66.443,0.251,-0.42,0.762,-1.015,-0.382,2.771,borrar
1780776945.7446864,-0.816,-0.18,0.582,-1.244,2.344,-0.336,-0.69,-0.344,0.572,-2.557,-1.427,-0.611,-0.656,-0.476,0.563,0.0,0.0,0.0,-0.381,-0.858,0.151,133.198,-15.618,70.099,0.244,-0.423,0.755,-0.931,5.511,-1.519,borrar
1780776949.7401135,-0.799,-0.199,0.593,-0.695,0.977,-1.206,-0.649,-0.331,0.628,-6.565,0.435,-0.504,-0.602,-0.405,0.668,0.0,0.0,0.0,-0.604,-0.47,0.659,-1.137,2.458,-2.214,0.254,-0.435,0.754,0.229,3.115,-0.221,borrar
1780776950.557485,-0.801,-0.199,0.591,-1.748,1.588,-1.076,-0.647,-0.332,0.63,-6.908,0.954,-0.336,-0.605,-0.41,0.667,0.0,0.0,0.0,-0.595,-0.476,0.661,-1.122,0.527,-2.664,0.261,-0.439,0.748,-0.305,2.756,-0.29,borrar
1780776951.3803031,-0.801,-0.205,0.601,3.763,-3.466,-0.046,-0.646,-0.324,0.627,1.183,-4.099,-1.389,-0.639,-0.424,0.631,0.0,0.0,0.0,-0.254,-0.892,-0.057,-95.885,27.473,-65.176,0.263,-0.429,0.748,-0.947,-1.176,4.344,borrar
1780776952.1033993,-0.83,-0.185,0.563,3.969,0.74,7.397,-0.713,-0.344,0.548,1.015,-5.756,-0.13,-0.647,-0.494,0.579,0.0,0.0,0.0,-0.414,-0.932,0.086,125.786,-17.87,74.221,0.278,-0.448,0.74,-0.687,1.771,-4.466,borrar
1780776956.0974214,-0.793,-0.196,0.614,-2.191,1.573,-1.885,-0.653,-0.33,0.634,-7.069,0.252,-0.489,-0.601,-0.412,0.673,0.0,0.0,0.0,-0.59,-0.505,0.642,-1.374,3.924,-1.267,0.281,-0.445,0.738,0.183,3.84,0.176,borrar
1780776956.8980265,-0.796,-0.198,0.6,-1.351,1.588,-0.962,-0.653,-0.339,0.628,-7.397,0.84,-0.443,-0.606,-0.411,0.672,0.0,0.0,0.0,-0.587,-0.485,0.65,-0.511,1.969,-2.321,0.271,-0.441,0.746,-0.305,1.725,0.191,borrar
1780776957.6955478,-0.816,-0.228,0.569,-0.16,2.611,0.466,-0.69,-0.381,0.549,-5.473,0.137,1.221,-0.6,-0.567,0.533,0.0,0.0,0.0,-0.042,-0.94,-0.374,5.183,-2.397,-5.985,0.291,-0.44,0.732,-4.015,4.366,-3.015,borrar
1780776958.4944983,-0.844,-0.216,0.543,-3.443,-2.13,-0.763,-0.665,-0.364,0.594,-2.321,-1.366,2.427,-0.626,-0.464,0.629,0.0,0.0,0.0,-0.589,-0.467,0.672,-1.214,1.481,-2.076,0.306,-0.448,0.725,0.145,3.29,-0.137,borrar
1780776962.4895906,-0.801,-0.215,0.581,-1.176,1.885,-0.527,-0.665,-0.344,0.621,-6.473,0.29,-0.443,-0.613,-0.425,0.659,0.0,0.0,0.0,-0.578,-0.505,0.654,-0.771,3.214,-1.824,0.297,-0.44,0.729,-0.695,1.809,-0.191,borrar
1780776963.289968,-0.812,-0.219,0.584,-0.977,1.809,-0.725,-0.659,-0.338,0.613,-7.023,-0.023,-0.534,-0.613,-0.42,0.65,0.0,0.0,0.0,-0.58,-0.505,0.658,-0.87,2.076,-2.321,0.29,-0.445,0.729,-0.977,1.382,-0.183,borrar
1780776964.1004467,-0.813,-0.21,0.581,-0.832,-0.069,-1.206,-0.664,-0.337,0.617,-7.046,3.298,-1.664,-0.607,-0.426,0.658,0.0,0.0,0.0,-0.423,-0.843,0.217,-215.214,55.405,-113.977,0.302,-0.439,0.721,-1.168,-1.649,9.076,borrar
1780776968.1003928,-0.795,-0.22,0.6,-0.832,1.29,-1.214,-0.635,-0.328,0.639,-6.947,0.275,-0.573,-0.598,-0.395,0.687,0.0,0.0,0.0,-0.597,-0.445,0.681,-1.527,3.389,-1.504,0.273,-0.429,0.74,0.221,4.061,-0.092,borrar
1780776968.9937918,-0.79,-0.216,0.607,-1.366,1.305,-1.267,-0.642,-0.331,0.646,-6.916,0.328,-0.534,-0.604,-0.392,0.686,0.0,0.0,0.0,-0.594,-0.453,0.673,-1.244,2.924,-1.901,0.279,-0.428,0.738,-0.557,2.389,0.137,borrar
1780776969.7144244,-0.791,-0.216,0.606,-0.924,1.397,-0.779,-0.639,-0.329,0.645,-7.0,0.511,-0.618,-0.603,-0.401,0.686,0.0,0.0,0.0,-0.591,-0.459,0.676,-1.084,2.87,-2.099,0.288,-0.429,0.734,-0.718,1.71,-0.092,borrar
1780776970.5292063,-0.785,-0.216,0.601,-0.603,1.053,-0.504,-0.644,-0.328,0.645,-6.725,0.069,-0.786,-0.604,-0.396,0.678,0.0,0.0,0.0,-0.59,-0.456,0.681,-0.832,2.588,-2.008,0.283,-0.432,0.734,-0.802,2.313,0.122,borrar
1780776974.5205798,-0.779,-0.208,0.612,-1.511,1.969,-1.107,-0.649,-0.33,0.64,-7.13,1.191,-0.969,-0.616,-0.402,0.677,0.0,0.0,0.0,-0.583,-0.464,0.685,0.687,1.153,-2.634,0.304,-0.443,0.729,-2.695,-1.427,-1.847,borrar
1780776975.3434186,-0.785,-0.215,0.611,-1.359,1.099,-1.405,-0.633,-0.33,0.648,-6.794,0.0,-0.679,-0.6,-0.399,0.69,0.0,0.0,0.0,-0.442,-0.697,0.457,-193.687,24.985,-99.573,0.309,-0.439,0.732,4.763,5.977,4.763,borrar
1780776976.1630285,-0.824,-0.236,0.576,2.809,-2.198,4.87,-0.678,-0.362,0.57,-3.023,-0.298,1.763,-0.632,-0.521,0.543,0.0,0.0,0.0,-0.306,-0.861,0.205,217.916,-20.916,113.565,0.362,-0.44,0.717,-3.565,0.84,-1.733,borrar
1780776980.8773613,-0.77,-0.222,0.628,0.618,-8.397,-1.382,-0.572,-0.284,0.716,-5.122,-4.466,-0.71,-0.583,-0.356,0.732,0.0,0.0,0.0,-0.454,-0.21,0.645,5.901,11.58,1.267,0.188,-0.359,0.804,1.573,3.42,0.649,borrar
1780776981.6684585,-0.77,-0.2,0.647,1.046,8.45,2.542,-0.558,-0.281,0.669,-14.504,16.893,-6.252,-0.687,-0.374,0.669,0.0,0.0,0.0,0.014,-0.527,-0.276,-143.718,45.443,-90.748,0.251,-0.359,0.767,-17.618,-13.962,-13.595,borrar
1780776982.4653268,-0.817,-0.195,0.598,-22.687,6.168,-7.595,-0.688,-0.271,0.615,-7.229,-17.58,5.115,-0.563,-0.417,0.667,0.0,0.0,0.0,-0.556,-0.401,0.668,54.389,-3.046,26.313,0.179,-0.385,0.923,62.771,31.466,54.901,borrar
1780776986.4924192,-0.769,-0.198,0.648,-1.137,2.206,-0.595,-0.594,-0.285,0.702,-7.008,0.924,-0.16,-0.597,-0.301,0.738,0.0,0.0,0.0,-0.588,-0.362,0.736,-1.374,3.359,-1.481,0.201,-0.326,0.804,-0.71,2.29,-0.435,borrar
1780776987.3206263,-0.765,-0.197,0.639,-1.038,2.023,-0.763,-0.601,-0.281,0.705,-6.626,0.466,-0.771,-0.597,-0.316,0.744,0.0,0.0,0.0,-0.59,-0.358,0.737,-0.977,2.794,-2.809,0.202,-0.343,0.808,-0.214,2.458,-0.901,borrar
1780776988.1405451,-0.811,-0.208,0.601,-1.84,13.634,0.321,-0.595,-0.42,0.594,-20.366,24.366,-4.794,-0.675,-0.459,0.544,0.0,0.0,0.0,0.056,-0.854,-0.354,-73.931,16.573,-63.626,0.256,-0.414,0.758,-5.382,0.565,-6.115,borrar
1780776988.960911,-0.817,-0.174,0.57,0.29,-10.282,-1.382,-0.681,-0.323,0.603,-1.489,-5.916,-2.183,-0.628,-0.473,0.585,0.0,0.0,0.0,-0.463,-0.891,0.192,149.618,-20.221,74.641,0.285,-0.417,0.748,-2.87,0.786,-3.55,borrar
1780776992.8524096,-0.764,-0.187,0.654,-0.733,1.137,-0.679,-0.612,-0.286,0.69,-6.771,0.374,-0.481,-0.608,-0.312,0.719,0.0,0.0,0.0,-0.597,-0.382,0.718,-1.16,1.84,-2.282,0.198,-0.339,0.79,-0.878,1.855,0.221,borrar
1780776993.652984,-0.762,-0.192,0.662,-0.771,13.069,0.008,-0.636,-0.289,0.665,-18.015,22.794,-2.45,-0.642,-0.417,0.631,0.0,0.0,0.0,-0.303,-1.092,-0.103,-145.74,41.092,-99.183,0.341,-0.395,0.685,-23.992,-18.626,-30.107,borrar
1780776994.452819,-0.827,-0.181,0.573,-0.626,-3.656,-1.626,-0.697,-0.35,0.559,-4.038,-3.672,-1.328,-0.531,-0.64,0.498,0.0,0.0,0.0,-0.152,-0.912,-0.196,67.16,-2.664,60.328,0.449,-0.444,0.683,3.282,2.115,2.969,borrar
1780776995.3078222,-0.76,-0.189,0.658,-0.481,0.198,-0.664,-0.595,-0.272,0.713,-6.305,-1.237,-0.634,-0.596,-0.306,0.748,0.0,0.0,0.0,-0.627,-0.322,0.732,-2.435,-4.092,-1.786,0.187,-0.331,0.802,-1.595,1.863,-0.87,borrar
1780776999.3020897,-0.771,-0.184,0.639,-1.198,1.969,-0.733,-0.609,-0.291,0.69,-6.595,-0.137,-0.885,-0.607,-0.318,0.725,0.0,0.0,0.0,-0.597,-0.369,0.726,-0.725,3.588,-1.473,0.177,-0.337,0.803,-0.458,3.237,-0.427,borrar
1780777000.120508,-0.789,-0.187,0.614,0.26,7.061,3.168,-0.634,-0.297,0.658,-10.618,8.061,-0.13,-0.683,-0.395,0.608,0.0,0.0,0.0,-0.136,-0.9,-0.253,-98.649,33.305,-71.664,0.21,-0.372,0.799,-20.389,-26.137,-14.878,borrar
1780777000.8445957,-0.794,-0.178,0.598,-2.893,1.962,-2.55,-0.693,-0.339,0.577,-5.397,-3.466,-0.71,-0.658,-0.512,0.582,0.0,0.0,0.0,-0.446,-0.724,0.412,250.13,-16.29,152.504,0.257,-0.391,0.774,-4.511,3.786,-1.42,borrar
1780777004.9336903,-0.768,-0.189,0.648,-1.267,1.099,-1.42,-0.606,-0.285,0.7,-6.893,0.405,-0.687,-0.607,-0.312,0.734,0.0,0.0,0.0,-0.613,-0.344,0.729,-0.725,3.855,-1.695,0.162,-0.324,0.806,-0.702,2.275,0.031,borrar
1780777005.6505995,-0.768,-0.183,0.645,-1.023,1.649,-0.87,-0.6,-0.271,0.696,-7.733,1.359,-0.84,-0.593,-0.309,0.741,0.0,0.0,0.0,-0.611,-0.352,0.72,-1.137,2.702,-2.053,0.165,-0.318,0.805,-0.908,1.053,0.328,borrar
1780777006.4755893,-0.784,-0.187,0.608,4.55,4.389,2.649,-0.666,-0.368,0.589,-16.008,18.069,1.832,-0.618,-0.531,0.549,0.0,0.0,0.0,0.0,-0.88,-0.475,-2.26,4.42,0.71,0.21,-0.375,0.782,0.779,-1.786,-0.031,borrar
1780777007.2367473,-0.829,-0.204,0.591,-2.008,-3.901,-3.649,-0.679,-0.322,0.619,-2.412,-13.176,-1.038,-0.646,-0.415,0.591,0.0,0.0,0.0,-0.797,-0.424,0.557,51.939,-4.763,17.008,0.446,-0.35,0.728,25.198,-4.947,35.695,borrar
1780777011.287154,-0.771,-0.196,0.641,-0.71,1.382,-0.84,-0.61,-0.287,0.697,-6.947,0.275,-0.809,-0.612,-0.316,0.725,0.0,0.0,0.0,-0.612,-0.359,0.719,-1.305,2.916,-1.893,0.176,-0.331,0.802,-0.748,2.282,0.053,borrar
1780777012.1101496,-0.775,-0.192,0.643,-1.359,1.061,-1.351,-0.612,-0.297,0.694,-6.481,-0.145,-0.771,-0.611,-0.32,0.711,0.0,0.0,0.0,-0.612,-0.449,0.748,-89.817,4.275,-38.977,0.173,-0.335,0.802,2.099,-3.176,-0.389,borrar
1780777012.9214346,-0.881,-0.184,0.73,0.267,0.771,-0.237,-0.639,-0.332,0.626,-7.504,2.466,-1.008,-0.655,-0.48,0.553,0.0,0.0,0.0,-0.048,-0.919,-0.385,-2.916,4.473,-2.046,0.165,-0.335,0.802,-0.977,2.275,0.313,borrar
1780777013.627128,-0.799,-0.172,0.604,-1.206,0.664,-2.359,-0.658,-0.314,0.608,-5.931,-0.725,-1.893,-0.656,-0.448,0.597,0.0,0.0,0.0,-0.449,-0.886,0.085,100.198,-8.74,45.168,0.203,-0.335,0.793,-3.55,-1.481,-3.107,borrar
1780777017.7359807,-0.774,-0.188,0.632,0.221,0.87,0.305,-0.616,-0.288,0.677,-6.504,0.252,-0.527,-0.614,-0.328,0.715,0.0,0.0,0.0,-0.605,-0.367,0.721,-0.847,3.328,-1.84,0.2,-0.354,0.788,-0.565,2.076,0.015,borrar
1780777018.45091,-0.774,-0.181,0.626,-1.557,6.84,0.885,-0.644,-0.303,0.642,-13.45,18.16,-0.412,-0.663,-0.406,0.63,0.0,0.0,0.0,-0.155,-0.871,-0.21,-70.26,20.42,-47.756,0.178,-0.346,0.729,-3.763,-12.992,5.443,borrar
1780777019.2706275,-0.808,-0.186,0.593,-1.901,4.786,-0.695,-0.701,-0.336,0.553,-2.649,-8.603,-2.015,-0.662,-0.466,0.568,0.0,0.0,0.0,-0.264,-1.01,-0.071,67.267,-15.794,51.84,0.243,-0.406,0.755,-1.29,-0.763,-2.046,borrar
1780777023.216085,-0.767,-0.198,0.634,-1.221,2.031,-0.832,-0.615,-0.287,0.687,-6.916,0.634,-0.267,-0.615,-0.318,0.724,0.0,0.0,0.0,-0.615,-0.367,0.712,-0.611,2.504,-2.137,0.2,-0.34,0.802,-0.351,2.214,-0.313,borrar
1780777024.0156603,-0.77,-0.195,0.64,-0.626,2.565,-0.924,-0.614,-0.285,0.687,-7.412,1.71,-0.405,-0.601,-0.31,0.722,0.0,0.0,0.0,-0.609,-0.365,0.706,-0.954,2.847,-2.069,0.186,-0.342,0.801,-0.878,1.397,0.099,borrar
1780777024.901523,-0.763,-0.19,0.644,-3.588,18.336,2.618,-0.647,-0.301,0.648,-13.763,15.809,-0.817,-0.708,-0.399,0.606,0.0,0.0,0.0,-0.242,-1.129,-0.186,-86.725,26.527,-59.748,0.212,-0.39,0.77,-3.733,-4.29,-1.901,borrar
1780777025.6152928,-0.801,-0.166,0.589,-1.267,5.168,0.908,-0.675,-0.325,0.595,-4.076,-4.397,-1.634,-0.671,-0.446,0.563,0.0,0.0,0.0,-0.293,-1.021,-0.178,40.008,-3.595,35.015,0.232,-0.381,0.781,-2.695,1.389,-0.542,borrar
1780777029.615563,-0.773,-0.189,0.638,-1.076,1.557,-1.015,-0.617,-0.296,0.689,-7.191,0.496,-0.962,-0.615,-0.333,0.71,0.0,0.0,0.0,-0.625,-0.373,0.7,-0.985,2.641,-2.084,0.218,-0.367,0.786,-0.511,2.076,-0.115,borrar
1780777030.4104826,-0.779,-0.195,0.628,-0.595,1.252,-0.489,-0.614,-0.296,0.688,-6.802,0.023,-0.916,-0.61,-0.33,0.707,0.0,0.0,0.0,-0.611,-0.382,0.71,-3.092,1.519,-2.893,0.225,-0.366,0.786,-0.481,1.695,0.42,borrar
1780777031.206895,-0.793,-0.191,0.609,0.893,4.366,-0.534,-0.644,-0.305,0.651,-9.534,10.351,-1.557,-0.373,-0.432,0.409,0.0,0.0,0.0,-0.211,-0.867,-0.08,-97.45,28.137,-52.847,0.192,-0.394,0.794,-2.565,13.206,9.168,borrar
1780777032.073661,-0.812,-0.187,0.579,-1.45,1.26,-0.916,-0.675,-0.331,0.589,-6.26,-0.015,-0.023,-0.673,-0.47,0.553,0.0,0.0,0.0,-0.112,-0.918,-0.363,8.405,-6.832,-4.71,0.233,-0.398,0.75,-0.053,10.023,-5.473,borrar
1780777035.3438313,-0.768,-0.188,0.639,-1.527,2.191,-1.42,-0.629,-0.294,0.661,-6.824,0.275,-0.427,-0.632,-0.332,0.691,0.0,0.0,0.0,-0.611,-0.417,0.684,-1.656,2.618,-2.855,0.23,-0.382,0.775,-1.664,0.092,-0.099,borrar
1780777036.0669916,-0.771,-0.19,0.64,-0.847,1.145,-0.794,-0.625,-0.294,0.664,-6.511,0.137,-0.679,-0.628,-0.34,0.696,0.0,0.0,0.0,-0.611,-0.414,0.688,-1.191,2.855,-2.221,0.228,-0.38,0.773,-0.435,2.183,0.023,borrar
1780777036.8878217,-0.772,-0.188,0.646,-0.55,1.237,-0.634,-0.633,-0.292,0.667,-6.985,0.496,-1.076,-0.628,-0.336,0.7,0.0,0.0,0.0,-0.488,-0.76,0.296,-171.931,29.382,-81.611,0.23,-0.371,0.784,-1.443,2.878,1.061,borrar
1780777037.6064253,-0.784,-0.194,0.622,-2.053,1.29,-0.985,-0.667,-0.327,0.608,-7.168,0.153,0.206,-0.642,-0.49,0.571,0.0,0.0,0.0,-0.078,-0.961,-0.296,24.779,-13.489,6.679,0.263,-0.331,0.811,-31.313,4.977,-10.573,borrar
1780777041.6982765,-0.767,-0.193,0.647,0.847,2.305,0.931,-0.626,-0.286,0.679,-6.878,0.588,-0.618,-0.606,-0.338,0.708,0.0,0.0,0.0,-0.599,-0.409,0.703,-0.916,3.947,-0.344,0.258,-0.383,0.77,1.489,5.595,-0.038,borrar
1780777042.419606,-0.767,-0.198,0.646,-0.206,0.962,-0.588,-0.622,-0.298,0.673,-6.641,-0.038,-0.954,-0.606,-0.337,0.714,0.0,0.0,0.0,-0.61,-0.399,0.701,-0.885,3.298,-1.832,0.263,-0.391,0.756,-0.504,2.794,-0.084,borrar
1780777043.235594,-0.778,-0.192,0.625,-2.878,6.985,-1.313,-0.659,-0.312,0.636,-14.221,11.359,-5.046,-0.679,-0.442,0.563,0.0,0.0,0.0,-0.06,-0.973,-0.329,-26.382,9.962,-22.916,0.268,-0.371,0.778,2.313,-2.527,-4.595,borrar
1780777044.2602189,-0.7,-0.229,0.662,-1.863,2.099,-2.031,-0.648,-0.31,0.648,-3.55,-4.756,-1.206,-0.593,-0.367,0.673,0.0,0.0,0.0,-0.507,-0.344,0.726,37.725,7.282,18.87,0.225,-0.402,0.767,-1.145,6.71,1.45,borrar
1780777047.9864197,-0.754,-0.194,0.657,-0.29,1.58,-0.588,-0.613,-0.278,0.692,-6.931,0.84,-0.557,-0.603,-0.306,0.734,0.0,0.0,0.0,-0.618,-0.359,0.716,-1.092,2.221,-1.908,0.231,-0.374,0.785,-0.656,1.985,0.115,borrar
1780777048.7842324,-0.754,-0.192,0.658,-1.008,1.351,-1.427,-0.611,-0.279,0.687,-7.557,0.855,-1.244,-0.591,-0.335,0.723,0.0,0.0,0.0,-0.552,-0.548,0.651,-132.076,16.168,-57.947,0.229,-0.365,0.757,3.771,6.275,0.26,borrar
1780777049.6839392,-0.972,-0.198,0.815,-1.687,-0.298,-0.145,-0.69,-0.328,0.583,-8.214,3.023,-0.603,-0.644,-0.498,0.556,0.0,0.0,0.0,-0.063,-0.955,-0.372,25.16,-17.55,-0.191,0.252,-0.39,0.763,-1.985,3.695,-8.046,borrar
1780777050.4013016,-0.807,-0.188,0.602,-3.008,1.649,-1.511,-0.678,-0.33,0.595,-5.641,0.74,-0.305,-0.646,-0.451,0.597,0.0,0.0,0.0,-0.469,-0.687,0.408,121.046,13.351,59.878,0.272,-0.403,0.772,-1.237,4.908,-0.55,borrar
1780777054.3776205,-0.771,-0.204,0.635,-0.427,1.328,-0.656,-0.623,-0.295,0.677,-6.855,0.672,-0.397,-0.617,-0.333,0.708,0.0,0.0,0.0,-0.609,-0.377,0.707,-1.374,1.771,-2.656,0.227,-0.372,0.781,-1.412,0.634,0.053,borrar
1780777055.1776407,-0.768,-0.197,0.628,0.26,1.107,-0.885,-0.619,-0.294,0.683,-7.527,2.786,-1.534,-0.617,-0.334,0.706,0.0,0.0,0.0,-0.562,-0.571,0.597,-73.901,6.069,-37.55,0.255,-0.38,0.769,0.084,-3.504,-1.504,borrar
1780777055.977482,-0.8,-0.203,0.584,-1.748,1.824,-1.336,-0.689,-0.336,0.565,-9.015,0.656,-0.74,-0.651,-0.544,0.587,0.0,0.0,0.0,-0.052,-0.947,-0.383,15.687,-9.863,-2.55,0.25,-0.401,0.754,-2.397,3.656,-5.351,borrar
1780777060.0262308,-0.774,-0.206,0.621,-0.313,1.611,-0.672,-0.616,-0.297,0.681,-7.145,0.389,-0.588,-0.601,-0.326,0.73,0.0,0.0,0.0,-0.609,-0.37,0.699,-3.954,1.099,-4.519,0.234,-0.359,0.784,-0.656,2.962,-0.489,borrar
1780777060.9478707,-0.783,-0.205,0.62,-0.802,1.718,-0.374,-0.618,-0.299,0.677,-6.695,0.069,-0.26,-0.608,-0.325,0.719,0.0,0.0,0.0,-0.621,-0.371,0.693,-1.794,2.412,-2.053,0.233,-0.357,0.78,-0.015,3.557,0.229,borrar
1780777061.6706564,-0.812,-0.211,0.573,-0.481,1.229,0.496,-0.687,-0.358,0.577,-5.832,-0.008,1.565,-0.645,-0.511,0.528,0.0,0.0,0.0,-0.013,-0.912,-0.435,7.298,-4.527,-0.573,0.254,-0.341,0.692,3.924,5.298,2.458,borrar
1780777062.3680012,-0.805,-0.178,0.573,-1.26,-0.16,-2.389,-0.685,-0.342,0.571,-5.924,-4.504,-1.435,-0.64,-0.446,0.582,0.0,0.0,0.0,-0.569,-0.692,0.435,222.076,1.695,81.725,0.287,-0.406,0.758,-5.115,-0.16,-2.718,borrar
1780777066.4782386,-0.792,-0.209,0.609,-1.153,1.366,-1.282,-0.619,-0.309,0.666,-6.695,0.458,-0.656,-0.608,-0.351,0.708,0.0,0.0,0.0,-0.618,-0.385,0.695,-1.0,2.786,-2.0,0.296,-0.425,0.74,-0.542,2.55,-0.092,borrar
1780777067.1943347,-0.789,-0.21,0.615,-0.382,1.489,0.13,-0.623,-0.308,0.669,-6.977,0.344,-0.473,-0.605,-0.351,0.712,0.0,0.0,0.0,-0.555,-0.512,0.698,-123.466,-0.893,-56.977,0.303,-0.424,0.732,0.817,1.794,-1.405,borrar
1780777068.0135353,-0.803,-0.201,0.578,0.092,3.878,-0.481,-0.655,-0.354,0.64,-10.328,7.26,-0.931,-0.637,-0.495,0.566,0.0,0.0,0.0,-0.063,-0.971,-0.327,21.679,-13.427,3.344,0.302,-0.424,0.783,-1.618,-6.786,-6.641,borrar
1780777068.8328545,-0.781,-0.225,0.607,-1.687,-2.695,-2.473,-0.65,-0.326,0.618,-10.031,8.534,-0.939,-0.581,-0.34,0.737,0.0,0.0,0.0,-0.549,-0.374,0.612,-2.359,7.733,-1.191,0.228,-0.379,0.766,-2.656,-1.847,0.55,borrar
1780777072.8269148,-0.79,-0.208,0.605,-0.626,1.855,-0.344,-0.633,-0.303,0.67,-6.672,0.084,-0.557,-0.613,-0.344,0.708,0.0,0.0,0.0,-0.606,-0.414,0.694,-0.87,2.237,-2.008,0.242,-0.39,0.765,-0.679,1.939,-0.031,borrar
1780777073.7474399,-0.794,-0.223,0.594,-1.031,6.824,-2.405,-0.641,-0.318,0.657,-14.756,13.832,-3.542,-0.632,-0.393,0.571,0.0,0.0,0.0,-0.197,-1.098,-0.198,-56.817,19.023,-45.382,0.312,-0.42,0.723,-13.221,-3.237,-16.931,borrar
1780777074.465028,-0.817,-0.193,0.56,-0.756,0.267,-2.611,-0.674,-0.335,0.59,-5.519,-2.695,-1.824,-0.662,-0.461,0.56,0.0,0.0,0.0,-0.261,-0.822,-0.107,136.137,-27.443,78.038,0.252,-0.429,0.747,-1.122,2.679,-1.046,borrar
1780777078.3482037,-0.795,-0.215,0.594,-0.977,1.771,-1.397,-0.633,-0.318,0.653,-6.733,0.183,-0.718,-0.609,-0.363,0.696,0.0,0.0,0.0,-0.616,-0.426,0.674,-0.916,3.45,-1.687,0.281,-0.43,0.741,-0.023,2.763,-0.191,borrar
1780777079.1514087,-0.799,-0.214,0.6,-1.053,1.702,-0.847,-0.628,-0.313,0.656,-6.794,0.191,-0.763,-0.611,-0.361,0.701,0.0,0.0,0.0,-0.544,-0.549,0.627,-88.115,9.298,-38.679,0.278,-0.428,0.742,-0.656,1.588,-1.076,borrar
1780777079.9538274,-0.801,-0.285,0.344,1.511,6.847,-14.122,-0.658,-0.331,0.605,-19.458,19.427,0.603,-0.633,-0.51,0.553,0.0,0.0,0.0,-0.011,-0.927,-0.484,44.786,-20.87,6.725,0.275,-0.464,0.729,6.931,2.672,5.168,borrar
1780777080.8578014,-0.823,-0.221,0.561,-3.305,-3.634,-6.206,-0.603,-0.348,0.712,-3.313,-14.176,-3.389,-0.922,-0.455,1.065,0.0,0.0,0.0,-0.639,-0.364,0.689,33.359,5.954,7.221,0.316,-0.435,0.717,-0.053,1.389,-1.527,borrar
1780777084.808386,-0.805,-0.217,0.592,-0.573,1.695,-0.519,-0.637,-0.316,0.659,-6.618,0.282,-0.519,-0.609,-0.382,0.693,0.0,0.0,0.0,-0.606,-0.421,0.689,-1.534,0.244,-2.595,0.311,-0.433,0.726,1.573,6.641,0.244,borrar
1780777085.602242,-0.806,-0.21,0.59,-0.649,2.985,-0.221,-0.635,-0.318,0.651,-6.359,-0.893,-1.481,-0.604,-0.383,0.687,0.0,0.0,0.0,-0.613,-0.421,0.682,-0.832,3.053,-1.901,0.308,-0.443,0.724,-0.26,2.534,-0.023,borrar
1780777086.3428948,-0.804,-0.218,0.594,-2.145,2.092,-1.504,-0.693,-0.34,0.549,-11.992,3.679,-3.779,-0.644,-0.507,0.54,0.0,0.0,0.0,-0.039,-0.925,-0.402,-0.305,2.885,-3.42,0.288,-0.447,0.73,-0.374,3.145,-1.328,borrar
1780777087.1468058,-0.819,-0.209,0.572,-0.672,-6.351,-3.344,-0.623,-0.316,0.668,-5.206,-5.45,-0.534,-0.539,-0.407,0.711,0.0,0.0,0.0,-0.255,-0.38,0.551,51.13,20.038,18.443,-0.037,-0.23,0.976,28.336,13.748,2.901,borrar
1780777091.1591616,-0.785,-0.209,0.606,-0.58,1.275,-0.824,-0.612,-0.297,0.685,-6.267,0.412,-1.0,-0.607,-0.324,0.718,0.0,0.0,0.0,-0.622,-0.36,0.709,-1.076,1.924,-1.931,0.301,-0.429,0.736,-0.313,2.611,0.069,borrar
1780777091.9762733,-0.791,-0.213,0.607,-1.389,0.908,-0.664,-0.618,-0.304,0.678,-6.443,-0.962,-0.443,-0.645,-0.34,0.673,0.0,0.0,0.0,-0.33,-0.649,0.389,-237.534,14.305,-121.244,0.275,-0.415,0.75,13.115,11.855,9.405,borrar
1780777092.794879,-0.775,-0.166,0.604,0.466,0.763,-1.252,-0.681,-0.328,0.583,-0.695,-14.527,-2.336,-0.679,-0.44,0.601,0.0,0.0,0.0,-0.095,-0.744,-0.071,210.29,-27.214,113.893,0.328,-0.43,0.731,-2.443,6.977,-1.168,borrar
1780777096.8111918,-0.794,-0.208,0.6,-0.893,1.664,-1.16,-0.619,-0.301,0.68,-6.45,0.076,-0.542,-0.603,-0.334,0.726,0.0,0.0,0.0,-0.633,-0.367,0.696,-0.947,3.634,-1.115,0.277,-0.402,0.755,-0.832,1.817,-0.252,borrar
1780777097.7143557,-0.787,-0.212,0.607,-0.771,0.107,-1.008,-0.613,-0.296,0.683,-6.511,-0.206,-1.153,-0.603,-0.342,0.721,0.0,0.0,0.0,-0.628,-0.378,0.706,-0.893,2.214,-2.481,0.287,-0.418,0.755,1.649,5.847,-0.183,borrar
1780777098.4341161,-0.791,-0.208,0.607,-0.58,1.244,-0.702,-0.612,-0.303,0.69,-6.771,-0.076,-0.481,-0.603,-0.338,0.716,0.0,0.0,0.0,-0.622,-0.371,0.703,-1.153,2.58,-2.191,0.277,-0.402,0.759,-0.649,2.45,0.13,borrar
1780777099.1351128,-0.791,-0.212,0.602,-0.42,1.13,-0.527,-0.619,-0.3,0.677,-6.908,0.565,-0.771,-0.61,-0.332,0.73,0.0,0.0,0.0,-0.625,-0.375,0.696,-0.977,3.122,-1.557,0.273,-0.399,0.752,-0.603,2.473,0.076,borrar
1780777103.1384788,-0.781,-0.212,0.622,-0.473,1.481,-0.42,-0.605,-0.297,0.685,-7.084,0.649,-0.756,-0.596,-0.326,0.723,0.0,0.0,0.0,-0.631,-0.365,0.701,-1.244,2.031,-2.137,0.262,-0.37,0.761,-0.214,1.687,0.076,borrar
1780777103.9611254,-0.783,-0.208,0.616,-1.107,1.366,-1.198,-0.608,-0.298,0.694,-6.672,0.511,-0.893,-0.603,-0.329,0.729,0.0,0.0,0.0,-0.631,-0.37,0.694,-0.802,3.115,-1.542,0.263,-0.377,0.766,0.0,3.092,-0.023,borrar
1780777104.7797143,-0.784,-0.214,0.607,-1.191,1.435,-1.405,-0.612,-0.3,0.688,-7.153,0.053,-1.046,-0.6,-0.332,0.725,0.0,0.0,0.0,-0.629,-0.373,0.701,-1.336,2.191,-1.611,0.264,-0.376,0.768,-0.58,2.267,-0.038,borrar
1780777105.5999577,-0.814,-0.194,0.59,3.534,15.336,7.74,-0.637,-0.271,0.655,-15.656,16.107,2.687,-0.636,-0.485,0.557,0.0,0.0,0.0,-0.125,-1.024,-0.358,-26.382,11.42,-23.817,0.152,-0.376,0.811,-4.489,0.527,-0.069,borrar
1780777109.5100586,-0.783,-0.208,0.619,0.076,0.336,-0.427,-0.61,-0.303,0.696,-6.076,0.298,-0.725,-0.597,-0.325,0.73,0.0,0.0,0.0,-0.647,-0.349,0.689,-1.053,2.55,-1.504,0.259,-0.384,0.763,-0.046,2.931,0.053,borrar
1780777110.3098567,-0.786,-0.209,0.616,0.153,5.046,-0.046,-0.602,-0.3,0.662,-9.183,13.42,2.924,-0.637,-0.361,0.62,0.0,0.0,0.0,-0.499,-1.032,0.197,-110.626,26.588,-68.985,0.249,-0.378,0.843,-3.878,-4.466,1.427,borrar
1780777111.1340387,-0.81,-0.187,0.583,-1.901,-0.542,-2.45,-0.636,-0.313,0.651,-4.26,-12.115,-2.0,-0.664,-0.427,0.599,0.0,0.0,0.0,-0.774,-0.402,0.772,46.45,5.687,23.069,0.231,-0.409,0.779,0.076,0.779,2.176,borrar
1780777115.1069067,-0.79,-0.19,0.602,-0.802,0.595,-1.557,-0.609,-0.3,0.686,-6.901,0.885,-0.748,-0.599,-0.325,0.729,0.0,0.0,0.0,-0.639,-0.371,0.681,-1.061,3.244,-1.351,0.26,-0.391,0.765,-0.725,2.908,0.313,borrar
1780777115.905586,-0.799,-0.195,0.603,-0.687,1.076,-1.015,-0.616,-0.295,0.68,-6.122,0.191,-0.038,-0.599,-0.328,0.72,0.0,0.0,0.0,-0.638,-0.372,0.683,-0.771,2.214,-1.786,0.264,-0.391,0.761,-0.855,1.756,-0.145,borrar
1780777116.7014842,-0.809,-0.184,0.588,-0.718,6.542,0.641,-0.642,-0.294,0.647,-12.489,11.061,0.351,-0.687,-0.413,0.592,0.0,0.0,0.0,-0.13,-0.938,-0.304,-70.366,24.389,-50.557,0.233,-0.407,0.762,-2.008,0.481,3.695,borrar
1780777117.5793126,-0.814,-0.187,0.584,-1.038,1.191,-2.084,-0.635,-0.306,0.653,-7.481,0.649,-1.344,-0.643,-0.408,0.628,0.0,0.0,0.0,-0.48,-0.89,0.265,83.786,-1.45,46.702,0.259,-0.409,0.763,0.359,4.458,2.26,borrar
1780777121.4954205,-0.797,-0.187,0.594,-0.542,2.198,0.069,-0.626,-0.293,0.68,-6.817,1.702,-0.275,-0.619,-0.323,0.712,0.0,0.0,0.0,-0.64,-0.4,0.665,-1.237,3.374,-1.611,0.228,-0.389,0.777,-0.191,3.008,-0.031,borrar
1780777122.2957156,-0.805,-0.195,0.589,-0.198,2.267,-0.328,-0.623,-0.289,0.673,-6.496,1.015,0.0,-0.611,-0.324,0.708,0.0,0.0,0.0,-0.448,-0.625,0.668,-250.137,32.427,-148.168,0.226,-0.396,0.779,10.26,20.214,2.374,borrar
1780777123.1065502,-0.814,-0.188,0.577,0.473,3.908,5.748,-0.659,-0.271,0.621,-1.107,-5.588,5.718,-0.238,-1.002,0.833,0.0,0.0,0.0,-0.28,-0.938,-0.025,122.618,-21.511,77.183,0.126,-0.358,0.83,7.489,-8.473,2.053,borrar
1780777123.9267662,-0.772,-0.212,0.634,-1.0,0.695,-0.794,-0.575,-0.285,0.726,-7.031,1.87,-0.305,-0.573,-0.297,0.759,0.0,0.0,0.0,-0.646,-0.313,0.707,-6.282,0.802,-4.634,0.203,-0.346,0.793,-2.29,0.267,-0.435,borrar
1780777127.2058527,-0.794,-0.196,0.606,-0.305,1.84,-0.878,-0.607,-0.299,0.692,-6.031,0.275,-0.458,-0.604,-0.31,0.732,0.0,0.0,0.0,-0.63,-0.368,0.696,-0.58,3.504,-1.84,0.213,-0.346,0.796,-0.977,0.832,0.13,borrar
1780777127.9193578,-0.792,-0.202,0.61,-1.099,2.153,-0.527,-0.607,-0.293,0.686,-6.802,1.221,-0.611,-0.608,-0.312,0.721,0.0,0.0,0.0,-0.627,-0.373,0.704,-1.282,2.466,-1.649,0.208,-0.33,0.798,-0.557,1.847,0.115,borrar
1780777128.7434092,-0.789,-0.217,0.602,0.427,-0.046,-0.557,-0.614,-0.295,0.691,-7.954,7.695,0.573,-0.639,-0.275,0.621,0.0,0.0,0.0,-0.298,-0.912,0.021,-134.214,37.214,-81.916,0.176,-0.354,0.777,-7.611,1.595,-6.748,borrar
1780777129.5581214,-0.812,-0.2,0.572,-1.366,-2.427,-3.748,-0.62,-0.322,0.662,-3.214,-10.832,-1.931,-0.745,-0.594,0.755,0.0,0.0,0.0,-0.328,-0.523,0.416,250.13,30.687,139.603,0.208,-0.365,0.782,-2.053,6.313,2.267,borrar
1780777133.5512064,-0.797,-0.199,0.604,-0.305,1.344,-1.084,-0.618,-0.302,0.675,-6.458,-0.679,-1.298,-0.604,-0.347,0.71,0.0,0.0,0.0,-0.613,-0.417,0.687,0.527,3.939,-1.191,0.202,-0.373,0.783,1.084,4.275,-0.458,borrar
1780777134.3716917,-0.795,-0.195,0.604,-0.405,-0.519,-0.931,-0.612,-0.296,0.688,-6.275,0.282,-1.008,-0.607,-0.336,0.718,0.0,0.0,0.0,-0.624,-0.403,0.678,-0.672,3.863,-1.473,0.19,-0.359,0.787,-0.313,2.931,-0.069,borrar
1780777135.1402063,-0.806,-0.194,0.59,1.885,5.565,-3.901,-0.643,-0.292,0.65,-7.718,20.687,-3.824,-0.542,-0.437,0.557,0.0,0.0,0.0,-0.18,-0.929,-0.234,-124.443,38.763,-78.153,0.166,-0.384,0.798,-9.412,-6.191,-10.901,borrar
1780777135.9068012,-0.809,-0.18,0.592,-2.046,-1.725,-4.817,-0.649,-0.326,0.621,-3.611,-6.534,-1.634,-0.637,-0.46,0.589,0.0,0.0,0.0,-0.251,-0.239,0.544,250.13,-1.13,116.649,0.256,-0.388,0.77,-8.115,2.565,1.779,borrar
1780777140.0025594,-0.797,-0.202,0.599,-1.046,1.145,-1.405,-0.629,-0.304,0.667,-6.924,0.458,-0.573,-0.619,-0.349,0.697,0.0,0.0,0.0,-0.623,-0.433,0.665,-0.58,3.74,-1.542,0.234,-0.4,0.767,0.282,4.084,-0.282,borrar
1780777140.6723301,-0.796,-0.198,0.596,-0.389,1.168,-0.649,-0.628,-0.302,0.666,-7.0,-0.672,-1.069,-0.626,-0.336,0.661,0.0,0.0,0.0,-0.538,-0.684,0.49,-97.046,22.71,-43.122,0.242,-0.404,0.763,0.534,2.74,0.55,borrar
1780777141.6407678,-0.81,-0.21,0.576,-0.237,3.847,4.641,-0.651,-0.333,0.624,-2.435,0.29,6.71,-0.659,-0.469,0.551,0.0,0.0,0.0,-0.115,-0.949,-0.367,10.458,-6.168,2.015,0.25,-0.375,0.796,0.511,-13.389,-5.359,borrar
1780777142.2705755,-0.8,-0.194,0.597,-1.168,-1.74,-1.397,-0.618,-0.309,0.658,-6.015,-1.733,-1.412,-0.621,-0.379,0.461,0.0,0.0,0.0,-0.535,-0.375,0.761,10.466,0.702,9.748,0.181,-0.38,0.771,-0.878,6.427,-0.328,borrar
1780777146.332312,-0.786,-0.194,0.62,-1.511,1.87,-0.916,-0.618,-0.298,0.681,-6.145,0.626,-0.16,-0.61,-0.344,0.71,0.0,0.0,0.0,-0.604,-0.401,0.704,-0.664,3.0,-1.519,0.2,-0.352,0.786,0.366,4.038,0.55,borrar
1780777147.077078,-0.788,-0.198,0.617,-2.198,0.435,-3.443,-0.603,-0.286,0.673,-6.824,0.542,-2.824,-0.844,-0.394,0.735,0.0,0.0,0.0,-0.577,-1.009,0.373,-150.076,21.061,-92.809,-0.015,-0.374,0.824,-22.008,9.473,-42.74,borrar
1780777147.8882527,-0.807,-0.221,0.582,-1.351,2.084,-1.702,-0.663,-0.345,0.592,-5.435,1.412,0.137,-0.277,-0.842,0.389,0.0,0.0,0.0,-0.109,-0.97,-0.219,14.588,-10.687,2.328,0.262,-0.388,0.769,-0.382,2.084,-0.466,borrar
1780777151.954689,-0.801,-0.202,0.598,-0.389,1.626,-0.496,-0.635,-0.32,0.657,-6.802,0.397,-0.473,-0.618,-0.398,0.675,0.0,0.0,0.0,-0.593,-0.444,0.675,-1.267,2.817,-2.038,0.265,-0.397,0.762,-0.634,2.206,-0.115,borrar
1780777152.7026436,-0.792,-0.206,0.6,-0.389,1.351,-0.481,-0.636,-0.321,0.651,-6.71,0.13,-0.489,-0.61,-0.379,0.69,0.0,0.0,0.0,-0.597,-0.447,0.678,-1.107,3.718,-1.481,0.264,-0.399,0.764,-0.527,1.977,-0.26,borrar
1780777153.637833,-0.82,-0.216,0.553,0.099,2.519,-1.336,-0.677,-0.357,0.586,-6.534,1.206,-0.366,-0.633,-0.497,0.572,0.0,0.0,0.0,0.024,-0.916,-0.416,-0.687,2.496,-2.939,0.278,-0.443,0.745,-1.038,0.695,0.069,borrar
1780777154.338924,-0.825,-0.204,0.553,-0.405,0.069,-0.374,-0.682,-0.345,0.618,-6.008,-3.168,-2.023,-0.63,-0.454,0.595,0.0,0.0,0.0,-0.474,-0.762,0.43,113.542,-4.664,64.344,0.514,-0.503,0.725,13.092,-12.618,13.153,borrar
1780777158.3353415,-0.769,-0.2,0.633,-0.504,1.802,-0.412,-0.603,-0.288,0.703,-5.977,0.672,-0.282,-0.59,-0.298,0.75,0.0,0.0,0.0,-0.643,-0.347,0.695,-1.221,1.802,-1.916,0.224,-0.354,0.789,-0.672,1.885,-0.115,borrar
1780777159.1515079,-0.777,-0.206,0.638,-1.702,2.137,-1.763,-0.556,-0.298,0.698,-6.962,9.115,-0.275,-0.588,-0.297,0.737,0.0,0.0,0.0,-0.423,-0.976,0.278,-111.198,12.374,-68.947,0.207,-0.381,0.784,-1.489,10.824,1.504,borrar
1780777159.855776,-0.786,-0.249,0.589,1.435,4.573,5.0,-0.618,-0.338,0.699,-4.855,-1.282,3.038,-0.641,-0.283,0.594,0.0,0.0,0.0,-0.081,-0.95,-0.273,24.969,-15.42,13.626,0.254,-0.381,0.757,5.87,6.542,8.748,borrar
1780777160.7934,-0.797,-0.225,0.633,0.969,-10.924,2.718,-0.587,-0.306,0.749,-3.176,-13.473,-3.321,-0.575,-0.368,0.778,0.0,0.0,0.0,-0.664,-0.341,0.682,-0.511,2.16,-1.435,0.217,-0.354,0.79,-3.267,1.634,-1.855,borrar
1780777164.6845894,-0.791,-0.206,0.623,-0.16,1.397,-0.336,-0.613,-0.302,0.694,-6.0,1.221,-0.496,-0.601,-0.339,0.722,0.0,0.0,0.0,-0.621,-0.392,0.684,-0.939,2.809,-1.893,0.229,-0.357,0.785,-0.427,2.641,0.008,borrar
1780777165.503039,-0.789,-0.204,0.603,0.42,1.481,-1.832,-0.628,-0.301,0.642,-10.901,9.969,1.763,-0.668,-0.383,0.594,0.0,0.0,0.0,-0.288,-1.029,-0.167,-44.702,16.214,-34.763,0.163,-0.388,0.783,-3.931,0.611,-4.924,borrar
1780777166.322387,-0.815,-0.2,0.57,-0.496,5.053,1.076,-0.679,-0.326,0.585,-6.015,1.237,-0.053,-0.677,-0.434,0.57,0.0,0.0,0.0,-0.189,-0.881,-0.17,71.153,-11.099,50.374,0.24,-0.373,0.772,-1.695,-0.519,-3.603,borrar
1780777170.3141732,-0.785,-0.205,0.619,-1.069,1.473,-1.0,-0.604,-0.296,0.692,-6.031,0.244,-0.908,-0.606,-0.328,0.715,0.0,0.0,0.0,-0.612,-0.387,0.696,-1.046,2.687,-2.191,0.229,-0.367,0.78,-1.031,1.718,-0.076,borrar
1780777171.1368644,-0.778,-0.203,0.62,-0.603,1.588,-1.061,-0.607,-0.291,0.694,-6.26,1.115,-0.511,-0.61,-0.327,0.723,0.0,0.0,0.0,-0.616,-0.395,0.694,-0.977,2.847,-1.672,0.241,-0.373,0.781,-0.901,1.534,-0.282,borrar
1780777171.9524512,-0.795,-0.198,0.603,-0.153,9.198,0.611,-0.625,-0.3,0.656,-11.702,4.237,0.038,-0.683,-0.361,0.59,0.0,0.0,0.0,-0.222,-1.075,-0.112,-58.076,24.206,-44.908,0.215,-0.307,0.778,-2.824,-5.229,-8.71,borrar
1780777172.672052,-0.702,-0.194,0.749,-5.42,2.595,-4.0,-0.609,-0.237,0.698,9.26,-12.626,3.84,-0.656,-0.344,0.572,0.0,0.0,0.0,-1.241,-0.401,0.543,-3.397,-1.733,-1.0,0.271,-0.387,0.762,-1.168,3.084,-1.794,borrar
1780777176.6422172,-0.791,-0.205,0.605,-0.237,1.405,-0.389,-0.615,-0.302,0.69,-6.42,0.573,-0.641,-0.598,-0.344,0.714,0.0,0.0,0.0,-0.629,-0.38,0.691,-1.13,2.374,-1.977,0.26,-0.376,0.765,-0.305,2.863,0.046,borrar
1780777177.4300075,-0.793,-0.204,0.608,-0.344,1.176,-0.565,-0.612,-0.301,0.682,-6.695,1.267,-0.672,-0.604,-0.353,0.715,0.0,0.0,0.0,-0.623,-0.39,0.69,-1.718,2.397,-1.611,0.243,-0.374,0.775,-0.977,0.924,-0.16,borrar
1780777178.2649102,-0.789,-0.214,0.602,-0.153,-0.611,-1.939,-0.593,-0.313,0.707,-9.824,6.916,-1.832,-0.661,-0.306,0.623,0.0,0.0,0.0,-0.35,-0.959,0.072,-111.122,27.405,-57.901,0.22,-0.386,0.774,1.824,-0.885,3.198,borrar
1780777179.0266962,-0.825,-0.201,0.581,-2.275,-6.061,-4.168,-0.67,-0.319,0.721,-4.145,-7.473,-1.252,-0.656,-0.425,0.692,0.0,0.0,0.0,-0.542,-0.411,0.65,47.344,13.046,26.321,0.245,-0.392,0.767,-3.679,0.954,0.145,borrar
1780777183.116528,-0.79,-0.206,0.607,-0.603,1.527,-0.954,-0.609,-0.296,0.692,-6.366,0.618,-0.427,-0.596,-0.336,0.729,0.0,0.0,0.0,-0.636,-0.374,0.688,-1.397,2.748,-2.26,0.243,-0.38,0.775,-0.947,1.229,-0.221,borrar
1780777183.939782,-0.788,-0.202,0.613,-0.55,0.725,-1.115,-0.61,-0.301,0.688,-5.863,0.344,-1.107,-0.592,-0.34,0.727,0.0,0.0,0.0,-0.517,-0.72,0.464,-207.405,12.176,-92.992,0.236,-0.388,0.767,0.519,4.985,1.763,borrar
1780777184.751473,-0.806,-0.188,0.586,-1.275,0.29,-1.42,-0.65,-0.318,0.633,-6.298,0.443,-0.443,-0.643,-0.476,0.57,0.0,0.0,0.0,-0.337,-1.065,0.037,224.374,-36.489,139.504,0.242,-0.382,0.77,-3.557,-0.618,-2.076,borrar
1780777188.643647,-0.789,-0.206,0.611,-1.084,1.458,-1.008,-0.603,-0.291,0.697,-6.718,0.145,-0.344,-0.592,-0.333,0.73,0.0,0.0,0.0,-0.639,-0.357,0.695,-1.977,2.756,-2.046,0.256,-0.395,0.765,-0.87,1.405,-0.153,borrar
1780777189.418169,-0.787,-0.2,0.612,-0.55,0.992,-0.687,-0.598,-0.292,0.706,-7.076,1.008,-0.733,-0.6,-0.348,0.729,0.0,0.0,0.0,-0.624,-0.367,0.695,-0.885,3.344,-1.794,0.257,-0.4,0.766,-0.069,3.725,-0.061,borrar
1780777190.2824848,-0.783,-0.202,0.61,-0.672,1.611,-0.725,-0.61,-0.305,0.683,-6.489,-0.237,-0.954,-0.599,-0.339,0.725,0.0,0.0,0.0,-0.63,-0.367,0.697,-1.542,2.771,-1.389,0.249,-0.401,0.758,-0.885,1.588,-0.038,borrar
1780777191.1028562,-0.81,-0.205,0.587,-0.328,2.786,0.336,-0.648,-0.297,0.671,-10.55,6.588,-0.412,-0.578,-0.546,0.529,0.0,0.0,0.0,-0.156,-0.956,-0.255,-0.183,2.824,-3.794,0.239,-0.372,0.778,-4.031,1.977,-1.802,borrar
1780777195.095041,-0.794,-0.192,0.606,-0.412,1.672,-1.107,-0.609,-0.302,0.684,-6.473,0.412,-0.595,-0.6,-0.354,0.72,0.0,0.0,0.0,-0.63,-0.395,0.682,-1.122,2.977,-2.481,0.266,-0.406,0.76,-0.565,2.153,-0.046,borrar
1780777195.9169803,-0.793,-0.196,0.609,-0.847,1.092,-0.221,-0.607,-0.3,0.685,-6.763,0.183,-0.611,-0.598,-0.348,0.718,0.0,0.0,0.0,-0.626,-0.391,0.685,-1.122,2.611,-1.977,0.262,-0.406,0.758,-0.679,2.176,0.031,borrar
1780777196.6319394,-0.771,-0.195,0.623,1.115,2.71,-3.275,-0.646,-0.311,0.641,-9.504,6.626,-2.893,-0.642,-0.421,0.622,0.0,0.0,0.0,-0.164,-0.974,-0.203,-11.496,3.55,-9.847,0.26,-0.404,0.756,-0.267,4.489,0.305,borrar
1780777197.4502707,-0.811,-0.19,0.597,0.366,0.115,-0.916,-0.647,-0.32,0.651,-5.794,-1.473,-1.099,-0.671,-0.417,0.609,0.0,0.0,0.0,-0.409,-0.788,0.301,84.763,6.809,51.931,0.259,-0.416,0.761,-0.748,9.153,7.611,borrar
1780777201.4143713,-0.788,-0.199,0.613,-0.275,0.435,-2.397,-0.6,-0.304,0.691,-6.275,0.412,-0.573,-0.597,-0.335,0.715,0.0,0.0,0.0,-0.627,-0.397,0.689,-1.122,2.252,-2.878,0.267,-0.404,0.761,-0.565,1.802,-0.427,borrar
1780777202.2664313,-0.797,-0.198,0.6,1.893,-0.672,-0.046,-0.601,-0.307,0.702,-6.13,3.298,-0.168,-0.627,-0.354,0.685,0.0,0.0,0.0,-0.374,-0.976,0.191,-172.763,25.802,-84.718,0.264,-0.422,0.641,1.031,17.092,6.099,borrar
1780777203.083851,-0.832,-0.172,0.55,1.672,-3.008,0.038,-0.659,-0.316,0.632,-1.183,-14.328,-2.771,-0.667,-0.472,0.587,0.0,0.0,0.0,-0.538,-0.488,0.474,92.435,0.328,46.061,0.275,-0.451,0.736,-4.595,-3.092,-1.031,borrar
1780777206.993009,-0.788,-0.197,0.612,0.046,0.588,-0.214,-0.615,-0.306,0.681,-4.305,-1.282,-0.244,-0.593,-0.336,0.714,0.0,0.0,0.0,-0.619,-0.393,0.687,-0.183,3.779,-1.221,0.237,-0.372,0.778,-0.29,2.443,-0.115,borrar
1780777207.7949042,-0.781,-0.187,0.623,-1.244,1.939,-0.435,-0.609,-0.286,0.683,-6.603,0.458,-0.038,-0.602,-0.343,0.717,0.0,0.0,0.0,-0.631,-0.386,0.689,-0.672,3.244,-1.595,0.231,-0.378,0.771,-4.031,-3.344,-0.168,borrar
1780777208.6128714,-0.794,-0.19,0.619,-2.519,3.107,-1.557,-0.614,-0.307,0.682,-6.511,0.817,-1.023,-0.596,-0.347,0.719,0.0,0.0,0.0,-0.619,-0.398,0.698,-4.481,6.588,-1.359,0.241,-0.355,0.779,-5.534,1.733,3.916,borrar
1780777209.4327557,-0.774,-0.19,0.625,-0.58,10.962,3.863,-0.601,-0.326,0.694,-8.031,10.58,0.794,-0.172,-0.361,0.073,0.0,0.0,0.0,-0.316,-0.99,-0.018,-94.733,18.626,-53.458,0.225,-0.302,0.701,-3.71,-9.977,-4.885,borrar
1780777213.4256523,-0.768,-0.192,0.639,-0.29,2.023,-0.313,-0.59,-0.289,0.708,-6.366,1.313,-0.221,-0.59,-0.306,0.745,0.0,0.0,0.0,-0.66,-0.334,0.675,-1.359,1.878,-1.985,0.25,-0.399,0.758,-0.45,2.221,0.069,borrar
1780777214.246683,-0.786,-0.192,0.619,-0.55,1.55,-0.107,-0.588,-0.289,0.715,-6.328,0.679,-0.466,-0.592,-0.313,0.745,0.0,0.0,0.0,-0.607,-0.322,0.688,-11.832,-22.031,-10.053,0.244,-0.42,0.759,6.412,-0.275,1.191,borrar
1780777215.063626,-0.793,-0.199,0.609,-0.183,5.153,-0.328,-0.612,-0.294,0.726,-11.42,1.855,-3.588,-0.26,-0.407,0.45,0.0,0.0,0.0,-0.214,-0.941,-0.248,-1.45,3.244,-4.771,0.255,-0.376,0.774,-2.87,2.29,-1.237,borrar
1780777215.8840861,-0.78,-0.187,0.622,-2.275,-0.969,-2.389,-0.61,-0.299,0.686,-6.298,-0.771,-0.458,-0.595,-0.351,0.706,0.0,0.0,0.0,-0.913,-0.27,0.496,-36.069,-11.58,6.809,0.259,-0.415,0.758,-0.588,1.45,-0.244,borrar
1780777219.8768034,-0.796,-0.194,0.609,-0.634,0.351,-1.015,-0.605,-0.294,0.685,-6.0,-0.092,-0.427,-0.619,-0.356,0.702,0.0,0.0,0.0,-0.628,-0.409,0.675,-1.519,2.58,-2.13,0.258,-0.42,0.752,-0.275,3.008,-0.42,borrar
1780777220.5936377,-0.778,-0.194,0.616,-1.809,-2.198,-2.626,-0.613,-0.332,0.663,-7.687,4.588,0.595,-0.689,-0.4,0.598,0.0,0.0,0.0,-0.349,-1.031,-0.241,-18.443,10.939,-18.244,0.255,-0.393,0.762,-4.626,-2.977,-1.214,borrar
1780777221.4059823,-0.807,-0.183,0.589,-0.542,-0.351,-2.214,-0.659,-0.31,0.63,-6.763,4.282,-1.115,-0.661,-0.429,0.615,0.0,0.0,0.0,-0.45,-0.737,0.379,175.489,-0.061,87.267,0.241,-0.448,0.747,-8.527,-3.542,-1.137,borrar
1780777225.409611,-0.79,-0.183,0.612,-0.939,2.107,-1.198,-0.603,-0.291,0.683,-6.244,0.672,0.084,-0.617,-0.344,0.711,0.0,0.0,0.0,-0.641,-0.368,0.691,-1.176,2.756,-2.351,0.268,-0.438,0.746,-0.282,2.557,-0.115,borrar
1780777226.1702042,-0.792,-0.185,0.615,-0.351,1.038,-0.435,-0.61,-0.295,0.687,-6.504,1.099,-0.183,-0.615,-0.34,0.712,0.0,0.0,0.0,-0.633,-0.369,0.691,-1.183,2.664,-2.076,0.273,-0.43,0.737,-1.038,1.947,-0.176,borrar
1780777227.0467703,-0.786,-0.187,0.62,-1.939,-1.214,-2.71,-0.618,-0.294,0.68,-7.13,3.023,-1.153,-0.615,-0.349,0.692,0.0,0.0,0.0,-0.458,-0.647,0.472,-90.947,4.115,-35.679,0.248,-0.417,0.754,-1.756,3.328,1.145,borrar
1780777227.8640537,-0.809,-0.181,0.585,-1.573,2.229,-0.924,-0.652,-0.312,0.644,-6.107,0.008,-0.763,-0.66,-0.46,0.565,0.0,0.0,0.0,-0.151,-0.948,-0.304,-2.611,4.321,-3.031,0.277,-0.42,0.741,-7.901,0.58,-7.244,borrar
1780777231.8569772,-0.788,-0.187,0.617,-0.573,2.137,-0.496,-0.602,-0.292,0.693,-6.588,0.229,-0.275,-0.608,-0.349,0.706,0.0,0.0,0.0,-0.623,-0.402,0.681,-1.527,2.275,-2.282,0.293,-0.434,0.732,-0.992,1.275,-0.45,borrar
1780777232.5741732,-0.795,-0.191,0.611,-0.832,0.336,-1.252,-0.605,-0.31,0.698,-5.855,-0.084,0.099,-0.615,-0.352,0.704,0.0,0.0,0.0,-0.619,-0.41,0.685,-1.214,3.069,-1.855,0.28,-0.429,0.732,-0.305,2.939,0.038,borrar
1780777233.3930938,-0.802,-0.196,0.598,-0.168,1.977,-1.084,-0.604,-0.25,0.661,-9.542,4.305,-3.229,-0.913,-0.324,0.72,0.0,0.0,0.0,-0.231,-0.968,-0.261,-33.611,17.634,-28.275,0.346,-0.4,0.707,-3.038,-5.557,4.748,borrar
1780777234.1923723,-0.798,-0.178,0.601,-1.107,-2.893,-2.328,-0.635,-0.306,0.669,-2.321,-14.389,-2.168,-0.624,-0.382,0.569,0.0,0.0,0.0,-0.596,-0.379,0.656,50.664,5.641,28.771,0.242,-0.436,0.74,1.107,3.626,1.305,borrar
1780777238.155467,-0.791,-0.179,0.612,-0.626,0.489,-0.908,-0.604,-0.291,0.695,-5.969,0.336,-1.26,-0.607,-0.33,0.727,0.0,0.0,0.0,-0.64,-0.358,0.688,-1.191,2.031,-1.985,0.253,-0.413,0.754,-0.412,2.13,-0.122,borrar
1780777239.1311135,-0.79,-0.177,0.619,-0.542,-3.031,-2.305,-0.599,-0.286,0.703,-4.053,-6.954,-1.198,-0.609,-0.326,0.727,0.0,0.0,0.0,-0.636,-0.356,0.701,-1.282,1.366,-2.977,0.26,-0.415,0.757,-2.069,1.901,0.305,borrar
1780777239.8484867,-0.779,-0.174,0.618,-0.351,6.015,-0.74,-0.6,-0.287,0.757,-12.603,5.069,-3.519,-0.688,-0.412,0.594,0.0,0.0,0.0,-0.175,-0.961,-0.234,-6.458,2.008,-9.191,0.246,-0.413,0.743,-28.916,5.382,-18.076,borrar
1780777243.7513826,-0.797,-0.174,0.614,-0.473,1.229,-0.679,-0.607,-0.289,0.695,-6.229,0.336,-0.885,-0.609,-0.305,0.724,0.0,0.0,0.0,-0.651,-0.344,0.69,-1.076,2.061,-1.847,0.263,-0.435,0.736,-0.641,1.908,-0.115,borrar
1780777244.6607456,-0.796,-0.174,0.604,-1.267,1.557,-1.099,-0.602,-0.289,0.697,-6.168,0.55,-0.595,-0.615,-0.309,0.729,0.0,0.0,0.0,-0.648,-0.347,0.683,-1.046,2.672,-1.985,0.266,-0.434,0.745,-0.473,2.489,0.008,borrar
1780777245.3781743,-0.801,-0.165,0.601,-2.618,4.626,-1.992,-0.578,-0.293,0.684,-8.282,6.229,-0.305,-0.572,-0.296,0.603,0.0,0.0,0.0,-0.301,-1.196,0.097,-105.649,28.557,-59.092,0.444,-0.478,0.572,-16.504,6.756,-6.145,borrar
1780777246.1941977,-0.819,-0.164,0.575,0.061,-0.473,-1.672,-0.646,-0.308,0.65,-5.611,-2.878,-1.481,-0.687,-0.419,0.577,0.0,0.0,0.0,-0.275,-0.919,-0.127,29.008,-2.985,15.023,0.264,-0.433,0.75,0.389,1.29,-0.817,borrar
1780777250.1904683,-0.779,-0.177,0.631,-0.412,1.718,-0.496,-0.595,-0.289,0.705,-6.802,0.794,-0.664,-0.579,-0.328,0.744,0.0,0.0,0.0,-0.652,-0.318,0.701,-1.565,2.389,-1.809,0.188,-0.326,0.809,-0.771,1.893,-0.084,borrar
1780777251.010018,-0.783,-0.178,0.626,-1.092,1.511,-1.115,-0.595,-0.286,0.704,-6.366,0.282,-1.206,-0.565,-0.329,0.728,0.0,0.0,0.0,-0.622,-0.449,0.701,-87.496,6.389,-44.962,0.2,-0.337,0.818,2.595,9.214,0.466,borrar
1780777251.909445,-0.765,-0.181,0.607,-4.221,3.824,-2.504,-0.568,-0.338,0.745,-12.679,11.885,-0.473,-0.656,-0.423,0.592,0.0,0.0,0.0,-0.133,-0.932,-0.356,-24.069,10.298,-19.237,-0.258,-0.308,1.024,-22.206,35.87,-30.672,borrar
1780777252.650298,-0.803,-0.172,0.596,-1.13,-0.84,-2.0,-0.622,-0.299,0.667,-5.305,-2.405,-0.679,-0.658,-0.399,0.604,0.0,0.0,0.0,-0.542,-0.674,0.387,184.939,10.893,89.252,0.21,-0.358,0.787,4.504,3.252,3.802,borrar
1780777256.6412444,-0.782,-0.177,0.625,-1.42,1.534,-0.779,-0.596,-0.295,0.702,-6.756,3.42,1.214,-0.598,-0.315,0.731,0.0,0.0,0.0,-0.672,-0.347,0.668,-2.672,3.412,-2.061,0.219,-0.378,0.777,-2.389,0.313,0.45,borrar
1780777257.4582555,-0.783,-0.177,0.625,-1.214,-0.305,-2.13,-0.597,-0.289,0.699,-5.565,4.16,-0.489,-0.605,-0.348,0.713,0.0,0.0,0.0,-0.5,-0.875,0.267,-101.817,14.527,-55.336,0.197,-0.335,0.788,6.313,5.763,0.511,borrar
1780777258.1788025,-0.793,-0.174,0.61,0.695,2.015,1.725,-0.614,-0.299,0.685,-5.244,6.679,1.061,-0.677,-0.397,0.596,0.0,0.0,0.0,-0.406,-0.975,0.006,104.962,-20.206,61.504,0.226,-0.349,0.798,-3.084,-0.023,-2.038,borrar
1780777262.1286638,-0.791,-0.175,0.62,-0.053,1.244,0.26,-0.6,-0.296,0.709,-5.977,0.206,-1.038,-0.597,-0.333,0.728,0.0,0.0,0.0,-0.653,-0.356,0.677,-0.794,3.756,-1.756,0.226,-0.365,0.781,-1.618,0.695,-0.153,borrar
1780777262.9887896,-0.789,-0.175,0.618,-0.282,2.008,0.496,-0.604,-0.292,0.692,-6.313,0.328,-0.969,-0.604,-0.333,0.724,0.0,0.0,0.0,-0.648,-0.363,0.679,0.527,3.809,-1.954,0.22,-0.371,0.778,0.191,4.237,-0.87,borrar
1780777263.8070753,-0.773,-0.177,0.638,-1.435,2.435,-1.359,-0.599,-0.292,0.7,-6.679,5.771,-0.565,-0.56,-0.347,0.63,0.0,0.0,0.0,-0.484,-0.925,0.234,-144.908,47.282,-79.771,0.24,-0.347,0.797,-5.733,-10.893,-5.595,borrar
1780777264.8309934,-0.791,-0.176,0.606,-1.13,1.397,0.473,-0.617,-0.306,0.676,-5.695,0.344,-0.137,-0.671,-0.433,0.583,0.0,0.0,0.0,-0.237,-0.957,-0.213,84.137,-21.206,53.656,0.233,-0.392,0.771,-1.458,-2.237,-1.794,borrar
1780777268.5231981,-0.784,-0.175,0.621,-1.664,1.298,-1.267,-0.594,-0.289,0.701,-6.16,0.321,-0.58,-0.6,-0.331,0.729,0.0,0.0,0.0,-0.655,-0.36,0.68,-1.42,2.863,-2.023,0.237,-0.402,0.764,-0.557,1.573,-0.061,borrar
1780777269.31768,-0.78,-0.158,0.635,-0.672,0.099,-0.718,-0.599,-0.284,0.704,-6.26,-0.145,-0.901,-0.606,-0.334,0.716,0.0,0.0,0.0,-0.646,-0.357,0.688,-1.191,2.878,-2.176,0.229,-0.4,0.759,-0.183,2.481,0.405,borrar
1780777270.1186442,-0.805,-0.171,0.617,-0.008,3.321,0.122,-0.617,-0.293,0.677,-8.282,10.603,0.687,-0.68,-0.396,0.603,0.0,0.0,0.0,-0.211,-0.902,-0.207,-71.55,31.069,-50.786,0.209,-0.423,0.771,-0.275,5.198,-0.275,borrar
1780777270.9755576,-0.802,-0.185,0.597,-1.214,2.168,-0.641,-0.637,-0.32,0.647,-4.519,-0.527,1.046,-0.645,-0.482,0.574,0.0,0.0,0.0,-0.319,-1.06,-0.133,136.687,-38.137,83.557,0.233,-0.396,0.766,-3.603,-4.786,-1.382,borrar
1780777274.9693453,-0.785,-0.183,0.63,-0.847,1.924,-1.214,-0.597,-0.295,0.704,-6.534,0.809,-0.756,-0.607,-0.331,0.721,0.0,0.0,0.0,-0.641,-0.385,0.674,-0.931,2.679,-1.939,0.263,-0.408,0.754,-0.695,1.794,-0.046,borrar
1780777275.7883663,-0.787,-0.181,0.622,-0.855,1.084,-1.206,-0.599,-0.296,0.702,-6.458,0.557,-0.534,-0.604,-0.33,0.722,0.0,0.0,0.0,-0.587,-0.537,0.711,-120.321,-3.046,-60.794,0.231,-0.398,0.763,4.725,7.55,-0.695,borrar
1780777276.8185403,-0.793,-0.199,0.605,-1.214,-0.382,-0.832,-0.634,-0.301,0.665,-6.153,-0.511,0.076,-0.664,-0.432,0.564,0.0,0.0,0.0,-0.252,-1.017,-0.208,114.092,-32.313,77.725,0.238,-0.378,0.774,-4.809,1.519,-7.893,borrar
1780777280.578609,-0.762,-0.192,0.65,-0.794,1.313,-1.122,-0.597,-0.294,0.7,-7.244,2.046,-0.084,-0.594,-0.339,0.736,0.0,0.0,0.0,-0.639,-0.38,0.678,-1.183,2.84,-2.084,0.22,-0.327,0.793,-0.924,1.611,-0.191,borrar
1780777281.3191762,-0.767,-0.187,0.654,-0.802,4.015,0.481,-0.599,-0.297,0.711,-6.443,1.878,-0.511,-0.596,-0.339,0.731,0.0,0.0,0.0,-0.643,-0.387,0.673,-1.13,2.313,-2.183,0.218,-0.332,0.801,-0.939,2.244,-0.076,borrar
1780777282.1396916,-0.755,-0.202,0.649,0.344,-8.351,-5.374,-0.59,-0.296,0.71,-3.031,-6.855,-2.328,-0.57,-0.363,0.722,0.0,0.0,0.0,-0.499,-0.862,0.307,-166.435,32.588,-73.985,0.191,-0.323,0.768,0.74,-1.863,0.702,borrar
1780777282.9576778,-0.777,-0.188,0.635,-0.191,4.099,0.733,-0.628,-0.312,0.668,-6.985,2.221,1.618,-0.639,-0.458,0.603,0.0,0.0,0.0,-0.143,-0.954,-0.314,5.336,-7.069,-0.809,0.225,-0.34,0.79,1.344,8.588,-3.641,borrar
1780777286.9505806,-0.773,-0.188,0.642,-1.382,2.29,-1.115,-0.594,-0.293,0.704,-6.58,1.672,0.122,-0.585,-0.357,0.722,0.0,0.0,0.0,-0.649,-0.364,0.676,-0.847,2.771,-2.015,0.22,-0.366,0.79,0.069,3.427,-0.099,borrar
1780777287.7689576,-0.772,-0.178,0.64,-0.74,3.069,0.351,-0.598,-0.294,0.707,-5.939,1.351,-0.076,-0.587,-0.351,0.724,0.0,0.0,0.0,-0.643,-0.378,0.675,-0.435,4.038,-1.656,0.22,-0.348,0.776,0.863,4.122,-0.313,borrar
1780777288.5329602,-0.768,-0.187,0.655,-0.702,4.55,0.115,-0.588,-0.289,0.711,-8.885,5.733,0.191,-0.616,-0.399,0.575,0.0,0.0,0.0,-0.255,-0.922,-0.112,-12.84,16.603,-4.634,0.174,-0.356,0.72,-7.267,-3.122,-2.702,borrar
1780777289.4082866,-0.741,-0.162,0.676,-1.275,-4.557,-2.573,-0.525,-0.286,0.768,-5.076,-10.137,-1.695,-0.708,-0.211,0.748,0.0,0.0,0.0,-0.688,-0.305,0.674,1.137,6.527,1.336,0.227,-0.394,0.774,0.863,4.519,0.115,borrar
1780777293.4010181,-0.771,-0.193,0.639,-1.221,2.565,-0.779,-0.591,-0.285,0.713,-5.87,0.985,-0.847,-0.595,-0.33,0.736,0.0,0.0,0.0,-0.647,-0.386,0.659,4.244,-8.023,-3.084,0.278,-0.395,0.766,2.58,6.977,1.55,borrar
1780777294.1251402,-0.767,-0.177,0.648,-0.153,1.229,-0.244,-0.595,-0.289,0.705,-6.29,1.008,0.137,-0.609,-0.33,0.715,0.0,0.0,0.0,-0.65,-0.379,0.674,-0.924,2.687,-1.771,0.237,-0.38,0.775,-0.511,2.305,0.237,borrar
1780777295.0416658,-0.769,-0.176,0.642,-1.031,1.359,-0.977,-0.598,-0.293,0.706,-6.26,0.527,-0.313,-0.605,-0.332,0.726,0.0,0.0,0.0,-0.632,-0.514,0.663,-155.84,13.679,-82.107,0.229,-0.399,0.794,14.771,23.389,11.038,borrar
1780777295.7562013,-0.764,-0.17,0.641,-1.55,-1.053,-2.718,-0.619,-0.29,0.686,-4.588,-3.13,-0.473,-0.542,-0.494,0.488,0.0,0.0,0.0,-0.434,-0.761,0.351,55.595,8.58,28.519,0.26,-0.365,0.773,-1.847,0.618,0.634,borrar
1780777299.036473,-0.775,-0.181,0.647,-1.046,0.595,-1.763,-0.588,-0.294,0.713,-6.214,0.756,-0.191,-0.594,-0.354,0.724,0.0,0.0,0.0,-0.658,-0.36,0.668,-0.847,2.794,-2.282,0.242,-0.379,0.773,-0.389,3.038,-0.176,borrar
1780777299.70101,-0.769,-0.18,0.644,-0.809,2.145,-0.695,-0.599,-0.292,0.707,-6.137,0.84,-0.145,-0.595,-0.344,0.725,0.0,0.0,0.0,-0.872,-0.664,0.857,-4.672,-4.779,-18.351,0.235,-0.367,0.78,0.176,4.137,-0.313,borrar
1780777300.4810252,-0.774,-0.186,0.63,-0.962,5.145,-1.328,-0.605,-0.261,0.702,-7.954,2.267,-1.13,-0.699,-0.462,0.523,0.0,0.0,0.0,-0.208,-0.951,-0.266,-10.702,8.939,-15.985,0.238,-0.333,0.782,-1.527,-5.221,0.603,borrar
1780777301.3918853,-0.78,-0.175,0.636,-2.252,-2.336,-2.656,-0.611,-0.265,0.704,-6.588,-5.092,-1.756,-0.619,-0.401,0.716,0.0,0.0,0.0,-0.771,-0.339,0.721,21.29,12.985,20.321,0.227,-0.415,0.788,7.832,8.321,6.679,borrar
1780777305.2839565,-0.773,-0.186,0.638,-1.55,0.725,-1.618,-0.587,-0.295,0.705,-6.282,0.603,-0.58,-0.581,-0.333,0.736,0.0,0.0,0.0,-0.666,-0.344,0.677,-1.496,1.924,-2.473,0.235,-0.367,0.781,0.076,3.031,-0.267,borrar
1780777306.073601,-0.771,-0.179,0.649,-0.779,0.603,-1.374,-0.59,-0.293,0.699,-6.267,0.115,-0.42,-0.587,-0.339,0.737,0.0,0.0,0.0,-0.664,-0.343,0.669,-0.985,3.038,-1.473,0.242,-0.365,0.781,-0.855,1.374,0.198,borrar
1780777306.8733683,-0.726,-0.246,0.62,-10.748,13.313,-2.198,-0.628,-0.307,0.656,-3.954,2.427,-2.183,-0.606,-0.363,0.601,0.0,0.0,0.0,-0.269,-0.92,0.01,-38.489,10.336,-24.985,0.176,-0.362,0.791,-0.901,13.985,3.763,borrar
1780777307.6722856,-0.786,-0.211,0.609,-1.298,-1.962,-1.489,-0.618,-0.305,0.676,-4.092,-2.244,-0.053,-0.663,-0.423,0.588,0.0,0.0,0.0,-0.185,-0.962,-0.208,4.031,-3.267,-0.321,0.224,-0.369,0.778,0.374,2.977,-0.802,borrar
1780777311.7343652,-0.762,-0.207,0.651,-1.931,1.229,-1.626,-0.573,-0.292,0.719,-6.412,1.0,-0.397,-0.586,-0.32,0.74,0.0,0.0,0.0,-0.659,-0.355,0.685,-0.679,2.901,-1.626,0.241,-0.389,0.768,0.962,5.435,-0.092,borrar
1780777312.4658966,-0.764,-0.201,0.638,-1.198,0.985,-1.412,-0.582,-0.289,0.724,-6.244,0.069,-1.183,-0.594,-0.324,0.736,0.0,0.0,0.0,-0.642,-0.355,0.689,3.275,4.74,0.206,0.261,-0.389,0.761,0.985,3.458,-1.13,borrar
1780777313.3729837,-0.772,-0.191,0.636,1.634,-0.015,-0.87,-0.611,-0.307,0.7,-7.0,3.351,-0.115,-0.607,-0.444,0.61,0.0,0.0,0.0,-0.233,-0.965,-0.22,-18.298,10.55,-15.084,0.159,-0.279,0.788,-11.595,-0.489,-4.374,borrar
1780777314.0869749,-0.771,-0.194,0.634,-0.725,1.221,-0.374,-0.605,-0.287,0.707,-6.496,1.588,-0.649,-0.636,-0.402,0.677,0.0,0.0,0.0,-0.328,-0.434,0.456,34.206,27.084,6.229,0.133,-0.283,0.787,-6.084,-4.649,0.176,borrar
1780777317.367413,-0.772,-0.193,0.644,0.832,1.336,-0.527,-0.593,-0.291,0.71,-6.099,0.511,-1.16,-0.593,-0.345,0.73,0.0,0.0,0.0,-0.679,-0.354,0.654,-0.992,2.985,-1.802,0.244,-0.357,0.788,-1.267,0.42,-0.473,borrar
1780777318.0842838,-0.77,-0.19,0.639,-0.794,1.046,-0.87,-0.594,-0.29,0.704,-6.115,0.511,-0.863,-0.593,-0.338,0.725,0.0,0.0,0.0,-0.671,-0.364,0.655,-1.092,3.595,-1.198,0.24,-0.364,0.792,0.573,3.74,-0.137,borrar
1780777318.9045014,-0.742,-0.204,0.666,-1.893,2.214,-1.252,-0.56,-0.295,0.729,-7.74,6.527,1.038,-0.581,-0.333,0.751,0.0,0.0,0.0,-0.49,-0.615,0.425,-118.542,33.885,-47.924,0.161,-0.328,0.792,-2.344,-2.962,-3.863,borrar
1780777319.7189841,-0.755,-0.201,0.656,-1.053,4.107,-0.748,-0.605,-0.288,0.698,-8.84,2.076,-1.115,-0.701,-0.397,0.574,0.0,0.0,0.0,-0.238,-0.954,-0.206,2.55,-0.588,-4.069,0.222,-0.333,0.925,-2.969,-0.473,-5.847,borrar
1780777323.7132316,-0.767,-0.209,0.646,-1.443,1.924,-1.16,-0.583,-0.293,0.715,-6.237,1.099,0.313,-0.593,-0.317,0.742,0.0,0.0,0.0,-0.677,-0.331,0.657,-1.397,1.397,-2.458,0.242,-0.392,0.767,-0.824,1.985,-0.046,borrar
1780777324.5339158,-0.763,-0.205,0.646,-1.099,0.527,-1.695,-0.583,-0.288,0.719,-6.275,-0.489,-1.611,-0.588,-0.313,0.743,0.0,0.0,0.0,-0.686,-0.33,0.662,-0.954,3.0,-1.824,0.235,-0.392,0.771,-1.718,0.672,0.0,borrar
1780777325.2513766,-0.774,-0.201,0.633,0.977,0.947,-0.863,-0.626,-0.293,0.68,-5.885,0.679,-0.939,-0.743,-0.398,0.563,0.0,0.0,0.0,-0.249,-0.952,-0.193,2.588,-1.786,-9.069,0.198,-0.31,0.75,-10.786,5.015,3.565,borrar
1780777326.0501623,-0.766,-0.198,0.646,-1.771,0.832,-0.893,-0.586,-0.29,0.711,-5.435,-2.107,0.58,-0.601,-0.343,0.713,0.0,0.0,0.0,-0.855,-0.789,0.765,87.969,23.053,56.153,0.241,-0.342,0.786,-22.328,2.626,-3.282,borrar
1780777330.0619543,-0.766,-0.204,0.644,-0.863,2.0,-0.931,-0.584,-0.287,0.719,-6.031,0.733,-0.779,-0.592,-0.313,0.735,0.0,0.0,0.0,-0.651,-0.321,0.692,-1.061,2.656,-1.924,0.236,-0.375,0.774,-1.992,-0.122,0.115,borrar
1780777330.8808322,-0.764,-0.202,0.645,-1.061,1.458,-0.595,-0.582,-0.285,0.719,-6.443,0.0,-1.092,-0.588,-0.322,0.743,0.0,0.0,0.0,-0.645,-0.321,0.691,-5.519,0.443,-5.084,0.231,-0.38,0.775,-0.107,2.931,-0.061,borrar
1780777331.6999326,-0.773,-0.19,0.651,0.756,1.435,-0.779,-0.607,-0.291,0.686,-6.977,4.244,-1.58,-0.645,-0.361,0.646,0.0,0.0,0.0,-0.287,-0.951,-0.144,-36.679,16.229,-27.718,0.223,-0.361,0.778,-3.206,0.802,-0.534,borrar
1780777332.4471204,-0.769,-0.19,0.651,-0.588,1.168,0.038,-0.608,-0.29,0.698,-4.832,-0.824,0.824,-0.663,-0.385,0.619,0.0,0.0,0.0,-0.32,-0.974,-0.103,28.16,-5.336,18.176,0.227,-0.382,0.778,-2.176,-1.069,-0.397,borrar
1780777336.6147969,-0.755,-0.176,0.67,-2.076,0.466,-2.084,-0.573,-0.285,0.736,-5.748,0.137,-1.198,-0.589,-0.321,0.738,0.0,0.0,0.0,-0.645,-0.335,0.696,-1.557,2.878,-1.87,0.224,-0.396,0.772,-1.267,1.16,0.183,borrar
1780777337.3324242,-0.762,-0.185,0.659,-2.634,13.542,1.588,-0.611,-0.288,0.668,-9.695,14.092,1.351,-0.668,-0.36,0.754,0.0,0.0,0.0,-0.341,-0.796,0.164,-149.237,31.305,-75.626,0.18,-0.361,0.794,-1.573,3.656,-1.595,borrar
1780777338.0492694,-0.78,-0.175,0.632,0.221,4.046,1.947,-0.632,-0.304,0.672,-8.053,3.0,-0.924,-0.681,-0.395,0.566,0.0,0.0,0.0,-0.303,-0.935,-0.114,39.0,-10.412,22.382,0.222,-0.382,0.79,-2.29,2.305,-0.595,borrar
1780777342.0436492,-0.763,-0.182,0.653,-1.351,0.855,-1.275,-0.584,-0.292,0.718,-6.321,0.786,-0.366,-0.591,-0.343,0.725,0.0,0.0,0.0,-0.664,-0.372,0.661,-1.397,2.45,-2.275,0.232,-0.401,0.765,-0.679,1.947,-0.084,borrar
1780777342.8619974,-0.763,-0.185,0.656,-1.344,1.809,-0.863,-0.588,-0.288,0.715,-6.191,0.458,-0.817,-0.589,-0.335,0.732,0.0,0.0,0.0,-0.666,-0.37,0.655,-1.115,2.382,-1.496,0.225,-0.401,0.762,-0.878,1.931,-0.13,borrar
1780777343.681178,-0.777,-0.172,0.641,-1.267,6.374,0.45,-0.584,-0.286,0.698,-8.687,7.58,0.55,-0.75,-0.252,0.666,0.0,0.0,0.0,-0.317,-0.833,0.01,-52.496,14.687,-31.435,0.214,-0.554,0.737,-12.466,16.504,1.046,borrar
1780777344.5004797,-0.793,-0.175,0.623,-0.55,1.511,-1.328,-0.621,-0.297,0.682,-6.321,0.702,-0.275,-0.679,-0.411,0.592,0.0,0.0,0.0,-0.222,-0.955,-0.224,-1.756,3.16,-1.786,0.215,-0.433,0.758,-0.809,2.603,0.252,borrar
1780777348.4955544,-0.763,-0.182,0.651,-2.115,1.267,-1.344,-0.581,-0.295,0.717,-6.626,1.229,-0.679,-0.594,-0.335,0.727,0.0,0.0,0.0,-0.662,-0.359,0.666,-1.366,1.878,-2.443,0.253,-0.416,0.752,-1.359,1.473,0.069,borrar
1780777349.3129146,-0.774,-0.187,0.645,-0.412,1.382,-0.565,-0.587,-0.289,0.714,-6.351,0.672,-0.855,-0.593,-0.335,0.736,0.0,0.0,0.0,-0.632,-0.407,0.685,-12.397,0.947,-4.809,0.252,-0.414,0.749,0.153,4.969,-0.977,borrar
1780777350.1331673,-0.77,-0.178,0.649,1.252,-3.298,-1.008,-0.603,-0.288,0.7,-7.115,4.794,-2.389,-0.668,-0.371,0.627,0.0,0.0,0.0,-0.356,-1.015,-0.13,-21.664,7.382,-19.71,0.237,-0.397,0.761,-4.145,-0.947,-1.725,borrar
1780777350.9015605,-0.776,-0.177,0.646,0.336,3.542,1.702,-0.594,-0.289,0.71,-8.58,4.412,0.023,-0.567,-0.363,0.532,0.0,0.0,0.0,-0.631,-0.455,0.665,85.038,13.122,39.023,0.258,-0.414,0.75,-1.015,5.542,1.519,borrar
1780777354.8466935,-0.766,-0.173,0.65,-0.229,1.122,-0.687,-0.591,-0.293,0.712,-6.496,1.321,-0.527,-0.604,-0.33,0.73,0.0,0.0,0.0,-0.643,-0.374,0.678,-1.092,3.252,-1.672,0.258,-0.406,0.759,-0.252,1.626,-0.046,borrar
1780777355.6831973,-0.772,-0.177,0.65,-0.443,1.237,-0.206,-0.595,-0.29,0.712,-6.336,0.321,-0.985,-0.603,-0.324,0.721,0.0,0.0,0.0,-0.648,-0.37,0.681,1.0,3.519,-1.855,0.258,-0.402,0.764,0.481,4.45,-0.405,borrar
1780777356.4124165,-0.761,-0.183,0.663,-2.504,11.588,2.29,-0.614,-0.315,0.675,-9.794,4.802,0.183,-0.506,-0.562,0.51,0.0,0.0,0.0,-0.158,-0.941,-0.193,-9.542,6.229,-9.153,0.252,-0.403,0.766,-1.733,3.504,-0.008,borrar
1780777360.4745712,-0.778,-0.19,0.631,-0.679,1.198,-0.519,-0.616,-0.31,0.669,-6.26,1.107,-0.298,-0.603,-0.401,0.685,0.0,0.0,0.0,-0.631,-0.456,0.636,-1.191,2.748,-1.924,0.255,-0.417,0.761,-0.374,2.672,-0.099,borrar
1780777361.293826,-0.783,-0.189,0.63,-0.656,1.214,-0.321,-0.622,-0.313,0.664,-6.382,0.931,0.183,-0.603,-0.401,0.679,0.0,0.0,0.0,-0.633,-0.458,0.643,-0.969,2.771,-2.008,0.252,-0.412,0.762,-0.603,1.779,-0.107,borrar
1780777362.113367,-0.767,-0.198,0.639,-2.618,0.366,-1.885,-0.604,-0.309,0.693,-6.656,2.183,0.153,-0.631,-0.395,0.649,0.0,0.0,0.0,-0.215,-0.895,-0.158,-55.237,18.817,-34.916,0.26,-0.418,0.746,-3.191,-3.137,-1.695,borrar
1780777362.8316684,-0.781,-0.186,0.635,-1.359,0.191,-1.634,-0.624,-0.301,0.664,-6.038,-0.985,-0.611,-0.351,-0.656,0.471,0.0,0.0,0.0,-0.384,-0.729,0.417,172.122,10.718,91.313,0.27,-0.415,0.754,2.412,0.282,5.137,borrar
1780777366.8002477,-0.763,-0.193,0.655,-1.336,1.366,-1.473,-0.593,-0.297,0.704,-6.313,0.176,-1.382,-0.599,-0.324,0.736,0.0,0.0,0.0,-0.639,-0.357,0.692,-1.282,2.763,-1.931,0.191,-0.332,0.793,-0.496,2.252,-0.084,borrar
1780777367.599995,-0.765,-0.188,0.654,-0.908,0.794,-0.863,-0.595,-0.292,0.704,-6.45,0.725,-0.336,-0.599,-0.327,0.735,0.0,0.0,0.0,-0.639,-0.361,0.691,-1.214,2.229,-2.321,0.19,-0.328,0.8,-0.412,2.511,0.13,borrar
1780777368.399061,-0.803,-0.195,0.605,-2.107,6.382,-0.382,-0.588,-0.31,0.71,-11.107,5.298,-2.366,-0.677,-0.429,0.572,0.0,0.0,0.0,-0.213,-0.986,-0.283,-11.947,7.954,-9.427,0.176,-0.346,0.797,-1.885,3.656,-1.183,borrar
1780777369.1973646,-0.786,-0.191,0.616,-0.328,1.565,0.397,-0.631,-0.316,0.667,-6.397,2.748,-0.206,-0.635,-0.422,0.638,0.0,0.0,0.0,-0.596,-0.609,0.549,96.511,5.176,39.649,0.217,-0.366,0.78,-3.328,-0.374,-0.947,borrar
1780777373.1912467,-0.779,-0.191,0.63,-1.466,2.824,-0.748,-0.616,-0.308,0.683,-6.153,0.221,-1.183,-0.599,-0.371,0.704,0.0,0.0,0.0,-0.649,-0.419,0.645,-0.962,3.702,-1.748,0.202,-0.38,0.784,-0.634,2.038,0.046,borrar
1780777373.9964252,-0.778,-0.191,0.635,-1.649,4.893,-1.611,-0.621,-0.292,0.678,-5.611,0.389,-0.595,-0.627,-0.422,0.596,0.0,0.0,0.0,-0.391,-1.096,-0.003,-115.595,47.328,-58.443,0.091,-0.413,0.769,-11.618,-13.053,-15.351,borrar
1780777374.8226037,-0.783,-0.191,0.631,-0.42,-0.336,-1.183,-0.62,-0.309,0.669,-5.679,-1.435,-0.679,-0.634,-0.419,0.633,0.0,0.0,0.0,-0.646,-0.601,0.52,154.122,27.206,55.725,0.265,-0.427,0.754,-5.511,-2.794,3.824,borrar
1780777378.8182049,-0.765,-0.193,0.653,-0.733,1.748,-1.084,-0.591,-0.289,0.703,-6.336,0.725,0.031,-0.59,-0.328,0.732,0.0,0.0,0.0,-0.753,-0.264,0.753,0.87,0.336,0.725,0.208,-0.381,0.777,-0.916,2.473,-0.015,borrar
1780777379.6622174,-0.768,-0.194,0.645,-1.42,0.985,-1.328,-0.59,-0.29,0.705,-6.107,0.802,0.061,-0.595,-0.33,0.727,0.0,0.0,0.0,-0.678,-0.323,0.673,-1.252,2.626,-1.939,0.211,-0.383,0.776,-0.649,2.023,0.0,borrar
1780777380.460611,-0.771,-0.191,0.644,-0.656,0.939,-0.832,-0.594,-0.292,0.707,-6.13,0.26,-1.374,-0.594,-0.329,0.719,0.0,0.0,0.0,-0.673,-0.328,0.661,-1.099,2.71,-2.099,0.217,-0.394,0.783,-0.099,2.29,0.137,borrar
1780777381.191521,-0.767,-0.194,0.65,-1.015,1.786,-1.168,-0.596,-0.293,0.704,-6.191,0.702,-0.557,-0.599,-0.333,0.729,0.0,0.0,0.0,-0.676,-0.33,0.668,-0.771,2.733,-1.87,0.211,-0.384,0.78,-0.748,2.496,-0.107,borrar
1780777387.6119108,-0.77,-0.186,0.646,-1.519,1.107,-1.015,-0.598,-0.291,0.709,-6.366,1.267,-0.389,-0.61,-0.317,0.722,0.0,0.0,0.0,-0.653,-0.345,0.684,-1.092,2.817,-1.473,0.212,-0.386,0.779,-0.664,2.252,-0.26,borrar
1780777388.431787,-0.776,-0.179,0.629,-0.344,2.374,-0.924,-0.568,-0.3,0.713,-6.878,4.504,-1.13,-0.67,-0.362,0.63,0.0,0.0,0.0,-0.315,-0.824,-0.056,-86.153,26.237,-51.351,0.212,-0.315,0.794,1.008,0.305,2.336,borrar
1780777389.256418,-0.788,-0.171,0.627,-1.435,-0.786,-1.191,-0.619,-0.29,0.682,-5.435,-2.298,-0.176,-0.665,-0.394,0.598,0.0,0.0,0.0,-0.726,-0.484,0.59,153.893,22.107,66.366,0.177,-0.412,0.763,-3.389,-2.153,3.336,borrar
1780777393.167272,-0.775,-0.183,0.638,-0.58,1.954,-0.321,-0.607,-0.291,0.684,-6.168,1.008,-0.137,-0.615,-0.337,0.715,0.0,0.0,0.0,-0.671,-0.337,0.669,-1.366,2.649,-1.985,0.208,-0.379,0.783,-0.298,3.076,0.183,borrar
1780777393.9757028,-0.781,-0.186,0.637,-1.038,1.565,-0.298,-0.612,-0.295,0.688,-6.031,0.824,-0.397,-0.614,-0.328,0.71,0.0,0.0,0.0,-0.674,-0.344,0.67,-1.252,2.527,-2.122,0.19,-0.377,0.794,0.26,3.71,0.885,borrar
1780777394.7806044,-0.781,-0.186,0.626,-1.496,2.458,-1.137,-0.61,-0.298,0.693,-6.481,0.962,-0.656,-0.62,-0.337,0.719,0.0,0.0,0.0,-0.668,-0.348,0.673,-1.397,3.115,-2.153,0.193,-0.372,0.785,-0.908,0.87,-0.336,borrar
1780777395.5999608,-0.8,-0.245,0.597,-3.718,6.725,-1.275,-0.59,-0.256,0.72,-5.55,-0.435,-0.183,-0.615,-0.331,0.714,0.0,0.0,0.0,-0.454,-0.881,0.316,-250.137,84.893,-179.656,0.2,-0.336,0.786,4.435,2.718,0.405,borrar
1780777399.5972645,-0.775,-0.181,0.64,-1.252,1.382,-1.176,-0.595,-0.289,0.704,-6.168,0.603,-0.252,-0.603,-0.323,0.726,0.0,0.0,0.0,-0.692,-0.337,0.643,-1.145,2.611,-2.206,0.22,-0.388,0.773,-0.664,1.588,-0.115,borrar
1780777400.412324,-0.773,-0.178,0.646,-0.252,1.336,-0.366,-0.594,-0.285,0.71,-6.427,0.443,0.183,-0.605,-0.321,0.719,0.0,0.0,0.0,-0.717,-0.376,0.684,-41.275,-51.931,-21.031,0.201,-0.378,0.795,12.809,8.298,6.771,borrar
1780777401.2410088,-0.762,-0.188,0.646,-1.954,-2.076,-1.534,-0.612,-0.303,0.688,-6.389,1.763,-0.244,-0.66,-0.42,0.607,0.0,0.0,0.0,-0.121,-1.026,-0.252,14.947,-9.069,7.702,0.243,-0.313,0.823,2.275,-1.878,-4.542,borrar
1780777405.2345722,-0.781,-0.178,0.641,-0.908,1.916,-0.397,-0.593,-0.292,0.718,-6.748,2.443,-0.42,-0.606,-0.331,0.729,0.0,0.0,0.0,-0.68,-0.345,0.658,-1.267,2.931,-1.832,0.23,-0.416,0.761,-0.916,2.214,0.015,borrar
1780777406.1452832,-0.782,-0.178,0.634,-0.595,0.466,-0.611,-0.597,-0.29,0.705,-5.611,-0.672,-0.489,-0.608,-0.337,0.724,0.0,0.0,0.0,-0.675,-0.34,0.661,-1.015,2.046,-1.931,0.234,-0.424,0.769,-0.42,2.435,-0.069,borrar
1780777406.8631217,-0.757,-0.187,0.67,-0.595,3.359,-1.435,-0.572,-0.282,0.734,-5.687,-0.435,-1.443,-0.615,-0.331,0.714,0.0,0.0,0.0,-0.462,-0.729,0.357,-127.198,11.443,-51.168,0.207,-0.38,0.785,5.153,10.595,0.229,borrar
1780777407.5698729,-0.768,-0.189,0.641,0.588,7.802,3.718,-0.61,-0.292,0.696,-4.84,4.954,3.084,-0.691,-0.377,0.618,0.0,0.0,0.0,-0.397,-0.995,0.042,183.115,-31.809,107.504,0.231,-0.397,0.765,-2.382,-6.611,0.824,borrar
1780777411.544922,-0.776,-0.176,0.641,-0.954,1.595,-1.084,-0.602,-0.294,0.694,-6.099,1.076,-0.282,-0.607,-0.344,0.711,0.0,0.0,0.0,-0.677,-0.374,0.643,-0.756,2.687,-1.901,0.24,-0.413,0.756,-0.565,3.855,-0.573,borrar
1780777412.3437662,-0.78,-0.18,0.639,-1.221,1.473,-0.725,-0.603,-0.292,0.704,-6.405,0.672,-0.595,-0.606,-0.341,0.714,0.0,0.0,0.0,-0.677,-0.374,0.635,-1.206,2.397,-1.84,0.242,-0.414,0.764,-0.71,1.779,-0.076,borrar
1780777413.2121503,-0.76,-0.113,0.422,13.099,3.374,2.641,-0.621,-0.283,0.693,-10.55,5.359,-2.282,-0.681,-0.418,0.649,0.0,0.0,0.0,-0.19,-0.956,-0.199,-19.466,12.145,-16.885,0.22,-0.419,0.758,-0.916,5.504,0.183,borrar
1780777414.0317588,-0.775,-0.183,0.637,-2.298,0.794,-1.718,-0.616,-0.304,0.683,-7.275,-0.786,-2.16,-0.628,-0.385,0.674,0.0,0.0,0.0,-0.641,-0.355,0.59,9.809,-13.939,10.183,0.264,-0.512,0.737,1.542,8.336,2.374,borrar
1780777418.1273363,-0.77,-0.179,0.644,-0.29,1.687,-0.863,-0.598,-0.29,0.702,-6.374,1.115,-0.634,-0.594,-0.337,0.72,0.0,0.0,0.0,-0.675,-0.332,0.671,-1.527,3.015,-2.237,0.246,-0.417,0.753,-0.641,1.779,-0.099,borrar
1780777418.7555795,-0.774,-0.176,0.645,-0.786,1.13,-0.824,-0.598,-0.286,0.709,-6.13,0.855,-0.252,-0.599,-0.34,0.724,0.0,0.0,0.0,-0.669,-0.333,0.659,-0.817,1.496,-2.015,0.256,-0.406,0.753,-1.527,0.656,0.702,borrar
1780777419.5620131,-0.8,-0.187,0.614,-1.382,5.282,-3.145,-0.637,-0.32,0.646,-8.405,1.244,-2.397,-0.681,-0.429,0.573,0.0,0.0,0.0,-0.177,-0.871,-0.318,6.519,0.656,2.427,0.207,-0.431,0.768,1.466,-0.565,-0.664,borrar
1780777420.3802857,-0.796,-0.194,0.613,-3.779,-10.031,-4.931,-0.613,-0.281,0.71,-3.87,-10.42,-0.443,-0.515,-0.449,0.69,0.0,0.0,0.0,-0.688,-0.271,0.661,-3.321,-6.702,3.557,0.271,-0.45,0.771,3.015,5.748,-1.191,borrar
1780777424.3302195,-0.781,-0.191,0.622,-0.031,0.794,-1.053,-0.611,-0.293,0.686,-6.481,1.038,-0.878,-0.619,-0.332,0.711,0.0,0.0,0.0,-0.657,-0.346,0.681,-1.176,2.473,-2.031,0.214,-0.388,0.773,-0.695,1.229,0.16,borrar
1780777425.193081,-0.78,-0.196,0.619,-0.893,0.947,-0.603,-0.605,-0.293,0.685,-6.282,0.817,-0.603,-0.619,-0.332,0.707,0.0,0.0,0.0,-0.657,-0.346,0.679,-1.16,2.427,-1.992,0.22,-0.383,0.773,-0.733,1.969,-0.092,borrar
1780777426.0123,-0.777,-0.191,0.637,-0.405,0.26,-1.153,-0.603,-0.299,0.7,-6.168,1.466,-0.947,-0.615,-0.329,0.718,0.0,0.0,0.0,-0.379,-0.634,0.408,-250.137,-3.13,-96.473,0.209,-0.372,0.804,5.405,12.198,1.053,borrar
1780777429.9237132,-0.78,-0.185,0.631,-0.695,1.679,-0.885,-0.597,-0.29,0.695,-6.267,0.809,-0.58,-0.602,-0.33,0.712,0.0,0.0,0.0,-0.678,-0.346,0.652,-0.763,1.618,-1.802,0.245,-0.409,0.76,0.084,-1.511,-0.542,borrar
1780777430.7223313,-0.779,-0.191,0.637,-0.511,0.74,-0.885,-0.605,-0.286,0.702,-5.855,0.427,-1.221,-0.599,-0.335,0.73,0.0,0.0,0.0,-0.667,-0.342,0.664,8.481,-2.672,1.275,0.236,-0.401,0.769,0.55,7.282,0.962,borrar
1780777431.546114,-0.772,-0.191,0.647,-1.275,2.42,-0.389,-0.623,-0.291,0.688,-5.023,-1.061,0.031,-0.632,-0.369,0.655,0.0,0.0,0.0,-1.031,-0.365,0.955,-66.046,-2.145,-32.672,0.176,-0.396,0.802,0.817,7.26,1.145,borrar
1780777432.3644216,-0.784,-0.177,0.623,0.061,5.344,3.13,-0.63,-0.286,0.662,-6.893,2.809,-0.336,-0.682,-0.393,0.6,0.0,0.0,0.0,-0.426,-0.764,0.233,146.718,-6.061,73.328,0.244,-0.412,0.747,-3.695,1.588,1.023,borrar
1780777436.3594556,-0.785,-0.189,0.621,-1.519,1.557,-0.939,-0.61,-0.297,0.692,-6.55,1.031,-0.679,-0.608,-0.35,0.703,0.0,0.0,0.0,-0.437,-0.519,0.431,-47.038,0.534,-31.878,0.24,-0.416,0.756,-2.038,1.992,0.092,borrar
1780777437.179224,-0.786,-0.186,0.625,-0.847,1.656,-0.664,-0.61,-0.297,0.69,-6.084,0.466,-0.305,-0.621,-0.358,0.687,0.0,0.0,0.0,-0.662,-0.458,0.646,-89.656,-33.557,-41.305,0.24,-0.421,0.759,-4.282,10.496,4.84,borrar
1780777437.9970565,-0.792,-0.187,0.614,5.611,-4.008,-0.198,-0.639,-0.307,0.65,-1.916,-3.87,-1.435,-0.689,-0.406,0.587,0.0,0.0,0.0,-0.217,-0.932,-0.225,-19.305,14.489,-16.527,0.246,-0.422,0.776,-3.733,-5.427,-10.824,borrar
1780777438.7232985,-0.804,-0.18,0.607,-2.313,2.618,-1.916,-0.599,-0.302,0.706,-5.55,-3.321,-1.649,-0.682,-0.404,0.602,0.0,0.0,0.0,-0.457,-0.752,0.245,158.817,6.626,84.74,0.051,-0.417,0.854,1.588,-7.595,5.58,borrar
1780777441.987974,-0.771,-0.191,0.637,-1.26,3.092,-0.275,-0.602,-0.292,0.691,-6.397,1.191,-0.489,-0.616,-0.325,0.719,0.0,0.0,0.0,-0.675,-0.326,0.672,-1.351,1.954,-1.931,0.187,-0.36,0.787,-1.427,-4.931,0.916,borrar
1780777442.8111284,-0.773,-0.189,0.64,-0.611,2.237,0.183,-0.602,-0.292,0.705,-6.481,0.45,-0.443,-0.606,-0.329,0.709,0.0,0.0,0.0,-0.656,-0.333,0.68,-1.435,2.313,-1.809,0.201,-0.36,0.786,-0.756,3.099,-0.115,borrar
1780777443.5268137,-0.764,-0.209,0.642,4.214,5.634,-7.817,-0.563,-0.3,0.711,-7.099,12.389,-3.649,-0.419,-0.397,0.729,0.0,0.0,0.0,-0.52,-1.084,0.14,-66.58,34.237,-28.458,0.163,-0.304,0.805,-7.389,-2.382,-2.511,borrar
1780777444.345919,-0.793,-0.198,0.605,-0.573,2.389,0.74,-0.641,-0.304,0.647,-7.87,3.183,1.305,-0.702,-0.398,0.558,0.0,0.0,0.0,-0.39,-0.947,-0.104,86.198,-8.901,52.832,0.191,-0.383,0.775,-2.076,-3.321,-1.313,borrar
1780777448.3387556,-0.761,-0.19,0.653,-1.634,1.855,-1.397,-0.592,-0.283,0.703,-6.412,0.931,-0.718,-0.612,-0.315,0.726,0.0,0.0,0.0,-0.659,-0.328,0.688,-1.198,2.71,-2.0,0.209,-0.381,0.767,-0.626,0.679,-0.015,borrar
1780777449.1230016,-0.755,-0.186,0.655,-1.511,0.359,-2.046,-0.593,-0.285,0.704,-6.496,0.466,-1.038,-0.601,-0.319,0.723,0.0,0.0,0.0,-0.653,-0.33,0.686,-1.206,3.374,-1.962,0.218,-0.38,0.772,-0.771,1.878,-0.16,borrar
1780777449.9054575,-0.762,-0.193,0.651,-1.588,1.527,-1.351,-0.595,-0.288,0.705,-6.267,-0.45,-0.962,-0.607,-0.324,0.719,0.0,0.0,0.0,-0.651,-0.339,0.693,-0.351,2.985,-1.603,0.218,-0.386,0.776,-0.542,3.802,-0.321,borrar
1780777450.6977017,-0.774,-0.186,0.646,-0.42,8.489,-0.229,-0.646,-0.275,0.652,-10.313,5.176,-0.649,-0.65,-0.722,0.59,0.0,0.0,0.0,-0.193,-0.965,-0.226,3.237,-6.069,1.237,-0.009,-0.383,0.915,-5.412,6.786,-2.137,borrar
1780777454.788116,-0.779,-0.188,0.639,-0.458,1.71,-0.015,-0.612,-0.295,0.689,-6.519,0.863,-0.328,-0.613,-0.342,0.714,0.0,0.0,0.0,-0.655,-0.37,0.668,-1.13,2.687,-1.573,0.212,-0.381,0.781,-0.588,2.008,0.176,borrar
1780777455.7087274,-0.784,-0.181,0.63,-0.832,-4.618,-2.71,-0.613,-0.296,0.688,-0.191,-13.55,-1.947,-0.614,-0.345,0.711,0.0,0.0,0.0,-0.494,-0.776,0.343,-141.13,-5.466,-56.176,0.179,-0.369,0.785,3.405,10.237,1.55,borrar
1780777456.3230464,-0.792,-0.177,0.625,-0.359,0.046,-0.435,-0.627,-0.293,0.666,-5.427,-1.015,0.237,-0.67,-0.394,0.599,0.0,0.0,0.0,-0.477,-0.685,0.235,163.748,-0.351,78.702,0.208,-0.378,0.771,-4.145,2.092,1.153,borrar
1780777457.1148212,-0.778,-0.182,0.639,-0.122,0.0,-1.412,-0.634,-0.286,0.716,-7.405,7.763,-2.26,-0.616,-0.342,0.692,0.0,0.0,0.0,-0.701,-0.329,0.641,-1.344,2.168,-1.824,0.206,-0.405,0.762,-0.489,2.313,0.412,borrar
1780777461.0846274,-0.772,-0.18,0.645,-0.435,1.252,-0.427,-0.611,-0.292,0.693,-5.863,0.58,0.069,-0.604,-0.342,0.717,0.0,0.0,0.0,-0.671,-0.351,0.658,-1.046,2.733,-1.74,0.224,-0.398,0.773,-0.565,1.977,0.008,borrar
1780777461.9568,-0.766,-0.178,0.648,-0.992,1.321,-0.985,-0.601,-0.285,0.708,-7.153,1.664,-1.542,-0.619,-0.334,0.74,0.0,0.0,0.0,-0.475,-0.74,0.285,-179.29,12.481,-83.496,0.169,-0.347,0.807,6.534,8.023,3.71,borrar
1780777462.6877708,-0.781,-0.174,0.64,0.542,4.824,3.313,-0.64,-0.291,0.667,-6.382,0.061,1.527,-0.653,-0.413,0.617,0.0,0.0,0.0,-0.398,-0.891,0.021,93.313,-10.557,45.893,0.184,-0.291,0.797,-8.359,9.786,2.55,borrar
1780777466.769928,-0.771,-0.18,0.649,-0.656,0.863,-0.756,-0.612,-0.294,0.699,-6.137,0.443,-1.153,-0.598,-0.345,0.718,0.0,0.0,0.0,-0.689,-0.375,0.622,-0.855,2.718,-1.954,0.224,-0.364,0.791,-1.573,1.466,-0.565,borrar
1780777467.4943287,-0.769,-0.183,0.651,-0.817,2.214,-0.466,-0.611,-0.297,0.69,-6.321,0.725,-0.313,-0.595,-0.35,0.718,0.0,0.0,0.0,-0.682,-0.376,0.635,-0.695,2.427,-1.924,0.208,-0.357,0.785,-0.962,1.641,-0.603,borrar
1780777468.2777445,-0.783,-0.191,0.625,-2.504,8.321,1.053,-0.63,-0.295,0.664,-5.534,-2.351,-0.748,-0.797,-0.242,0.771,0.0,0.0,0.0,-0.259,-0.928,-0.303,-4.588,7.344,-2.977,0.196,-0.397,0.788,-2.55,3.26,-1.389,borrar
1780777469.1238673,-0.78,-0.172,0.621,-2.061,0.847,-1.519,-0.623,-0.293,0.664,-6.168,-0.183,-0.13,-0.6,-0.407,0.639,0.0,0.0,0.0,-0.736,-0.423,0.564,91.435,17.802,44.962,0.206,-0.427,0.775,-1.779,2.42,2.107,borrar
1780777473.1191967,-0.772,-0.178,0.641,-0.595,1.26,-1.038,-0.616,-0.293,0.682,-6.573,0.855,-0.374,-0.603,-0.359,0.705,0.0,0.0,0.0,-0.674,-0.372,0.644,-0.855,2.397,-1.847,0.211,-0.392,0.781,-0.534,2.779,-0.145,borrar
1780777473.8691952,-0.773,-0.177,0.643,-0.885,0.977,-0.954,-0.617,-0.292,0.686,-6.168,0.313,-0.969,-0.602,-0.358,0.699,0.0,0.0,0.0,-0.67,-0.369,0.65,-0.832,2.656,-1.534,0.209,-0.393,0.772,-0.962,2.809,-0.023,borrar
1780777474.6687207,-0.781,-0.189,0.632,-1.443,2.908,-0.649,-0.619,-0.302,0.672,-7.412,5.954,0.374,-0.748,-0.351,0.679,0.0,0.0,0.0,-0.255,-0.973,-0.186,-35.382,16.885,-26.405,0.166,-0.403,0.775,-1.794,2.466,-1.947,borrar
1780777475.512691,-0.79,-0.177,0.615,-1.145,0.168,-1.29,-0.634,-0.303,0.677,-6.198,0.237,-1.305,-0.643,-0.418,0.618,0.0,0.0,0.0,-0.528,-0.781,0.298,85.802,3.847,43.656,0.227,-0.398,0.765,-0.489,1.13,1.763,borrar
1780777478.7497365,-0.758,-0.179,0.647,-0.931,1.328,-1.16,-0.593,-0.289,0.713,-6.359,0.55,-0.275,-0.586,-0.329,0.737,0.0,0.0,0.0,-0.682,-0.308,0.67,-0.969,2.771,-1.718,0.168,-0.317,0.815,-0.626,2.29,-0.191,borrar
1780777479.5565705,-0.764,-0.186,0.648,-1.0,0.992,-1.137,-0.59,-0.293,0.707,-6.534,0.962,-0.153,-0.589,-0.331,0.733,0.0,0.0,0.0,-0.679,-0.312,0.676,-0.893,2.908,-1.779,0.168,-0.315,0.807,-0.641,2.588,0.015,borrar
1780777480.2865562,-0.767,-0.194,0.648,-1.076,1.26,-1.122,-0.594,-0.292,0.714,-5.427,2.977,-1.046,-0.598,-0.342,0.726,0.0,0.0,0.0,-0.529,-0.818,0.405,-154.099,14.603,-66.267,0.17,-0.328,0.814,4.214,7.221,-1.206,borrar
1780777481.1050212,-0.806,-0.188,0.614,0.71,1.458,0.664,-0.648,-0.318,0.638,-1.573,-3.473,2.626,-0.683,-0.42,0.591,0.0,0.0,0.0,-0.172,-0.9,-0.299,46.252,-16.145,33.412,0.176,-0.367,0.787,-0.985,-1.664,-1.611,borrar
1780777485.2003846,-0.763,-0.177,0.658,-1.176,1.443,-0.656,-0.594,-0.288,0.711,-6.374,0.763,-0.069,-0.592,-0.306,0.74,0.0,0.0,0.0,-0.704,-0.308,0.65,-1.313,2.198,-1.779,0.209,-0.39,0.772,-0.565,1.382,-0.122,borrar
1780777485.8985462,-0.763,-0.175,0.659,-1.214,1.305,-1.053,-0.593,-0.29,0.708,-5.908,0.618,-0.511,-0.6,-0.303,0.734,0.0,0.0,0.0,-0.704,-0.324,0.65,-3.443,-2.847,-3.115,0.223,-0.246,0.747,11.305,-1.13,2.725,borrar
1780777486.6640038,-0.775,-0.184,0.649,-0.786,6.107,1.351,-0.623,-0.285,0.674,-8.985,23.985,-1.115,-0.67,-0.409,0.593,0.0,0.0,0.0,-0.263,-0.912,-0.283,-37.282,12.107,-24.695,0.185,-0.368,0.801,1.275,2.115,2.115,borrar
1780777487.4559734,-0.78,-0.175,0.634,-1.939,-2.13,-2.397,-0.613,-0.303,0.682,-5.962,-4.023,-0.794,-0.607,-0.405,0.671,0.0,0.0,0.0,-0.494,-0.943,0.125,65.603,-4.084,37.588,0.213,-0.368,0.782,-3.397,1.435,-0.031,borrar
1780777491.4531388,-0.758,-0.177,0.658,-1.496,1.649,-1.244,-0.587,-0.285,0.708,-6.26,0.763,-0.695,-0.582,-0.319,0.744,0.0,0.0,0.0,-0.704,-0.317,0.644,-1.382,2.389,-2.176,0.228,-0.397,0.77,-0.664,2.137,-0.237,borrar
1780777492.2689555,-0.757,-0.185,0.66,-1.023,1.466,-0.962,-0.593,-0.286,0.712,-6.702,1.473,-0.702,-0.581,-0.33,0.738,0.0,0.0,0.0,-0.553,-0.5,0.637,-171.412,-19.58,-67.817,0.199,-0.396,0.779,2.29,9.359,3.252,borrar
1780777493.0462575,-0.839,-0.225,0.651,4.733,8.107,5.267,-0.63,-0.275,0.675,-12.649,4.153,-1.382,-0.63,-0.438,0.625,0.0,0.0,0.0,-0.238,-0.937,-0.292,2.183,-0.252,-2.527,0.216,-0.408,0.762,1.0,4.573,-3.076,borrar
1780777493.8555167,-0.77,-0.186,0.641,0.153,1.023,-0.542,-0.615,-0.293,0.685,-5.893,-0.885,-0.84,-0.642,-0.389,0.642,0.0,0.0,0.0,-0.552,-0.485,0.653,67.977,-5.321,30.969,0.208,-0.395,0.758,-0.74,-0.74,0.794,borrar
1780777497.8414319,-0.761,-0.182,0.66,-0.725,2.061,-0.756,-0.591,-0.289,0.71,-6.389,0.695,-0.702,-0.59,-0.32,0.742,0.0,0.0,0.0,-0.697,-0.32,0.65,-1.344,2.878,-1.847,0.229,-0.404,0.767,-0.748,1.794,-0.008,borrar
1780777498.7214465,-0.756,-0.185,0.658,-1.282,3.565,-0.672,-0.595,-0.288,0.706,-7.191,4.58,0.489,-0.666,-0.345,0.667,0.0,0.0,0.0,-0.482,-0.708,0.364,-82.29,10.366,-41.405,0.197,-0.405,0.77,2.076,4.84,1.634,borrar
1780777499.5415387,-0.764,-0.168,0.649,2.656,5.588,1.84,-0.589,-0.299,0.681,-8.412,-0.695,-0.832,-0.418,-0.396,0.45,0.0,0.0,0.0,-0.215,-1.015,-0.217,23.656,-4.122,9.489,0.194,-0.373,0.786,-1.847,-6.878,-3.191,borrar
1780777503.4362528,-0.759,-0.173,0.664,-0.786,1.397,-0.55,-0.59,-0.287,0.714,-6.519,0.458,-0.763,-0.584,-0.328,0.746,0.0,0.0,0.0,-0.69,-0.308,0.658,-0.763,3.13,-1.824,0.239,-0.4,0.762,-0.595,2.641,-0.061,borrar
1780777504.2519042,-0.759,-0.174,0.66,-1.0,1.42,-1.13,-0.588,-0.281,0.708,-6.763,0.924,-1.122,-0.588,-0.328,0.734,0.0,0.0,0.0,-0.693,-0.314,0.659,-0.985,2.595,-1.756,0.235,-0.399,0.763,-0.45,2.298,-0.168,borrar
1780777505.0711381,-0.779,-0.18,0.647,-2.977,6.588,-1.55,-0.622,-0.289,0.673,-8.038,5.221,0.359,-0.69,-0.406,0.606,0.0,0.0,0.0,-0.276,-0.951,-0.235,-22.153,8.466,-15.412,0.157,-0.384,0.789,-5.641,-1.573,-6.481,borrar
1780777505.8901954,-0.781,-0.168,0.636,-1.122,-1.672,-2.16,-0.65,-0.286,0.686,-4.351,-2.725,-1.023,-0.597,-0.42,0.67,0.0,0.0,0.0,-0.512,-0.759,0.353,132.191,7.763,63.832,0.241,-0.383,0.78,-3.656,-0.046,1.076,borrar
